,Item_Outlet_Sales,Item_Identifier,Outlet_Identifier
0,1354.7773,,
1,1281.7435,,
2,261.26926,,
3,2447.7217,,
4,5914.464,,
5,1390.8293,,
6,414.70615,,
7,2115.5298,,
8,1031.1083,,
9,2258.13,,
10,1601.3792,,
11,1874.8469,,
12,765.5177,,
13,2213.1243,,
14,755.17676,,
15,2552.3267,,
16,4161.3135,,
17,2858.6897,,
18,2999.086,,
19,894.2106,,
20,3110.154,,
21,3911.2585,,
22,796.69214,,
23,453.4571,,
24,2876.3652,,
25,862.95105,,
26,796.57654,,
27,2485.1743,,
28,4164.287,,
29,2079.581,,
30,3.5409598,,
31,2717.4075,,
32,332.92273,,
33,5236.4844,,
34,1630.7716,,
35,4880.4014,,
36,2201.6165,,
37,254.04063,,
38,3132.249,,
39,2268.018,,
40,1275.3376,,
41,326.0466,,
42,2794.193,,
43,1712.6776,,
44,275.72372,,
45,1815.2467,,
46,99.92605,,
47,3408.0278,,
48,4054.4692,,
49,2161.7983,,
50,1093.42,,
51,1764.2856,,
52,3558.28,,
53,1900.3865,,
54,4875.4644,,
55,2907.501,,
56,4551.567,,
57,624.08997,,
58,458.03125,,
59,1388.2567,,
60,2437.6023,,
61,3810.6748,,
62,3330.011,,
63,1317.4009,,
64,2438.0376,,
65,2435.4736,,
66,2521.5325,,
67,4307.3984,,
68,4010.4153,,
69,4399.926,,
70,2937.8225,,
71,2672.385,,
72,1643.3384,,
73,4220.631,,
74,2364.0637,,
75,2827.4058,,
76,324.57028,,
77,2987.4487,,
78,488.00275,,
79,2504.0715,,
80,2641.3882,,
81,1548.8741,,
82,1869.7977,,
83,3308.4348,,
84,2165.2249,,
85,1613.4431,,
86,4737.268,,
87,2751.2493,,
88,775.49835,,
89,1054.9537,,
90,2865.07,,
91,5562.57,,
92,2843.7046,,
93,1821.4053,,
94,1747.4557,,
95,727.28143,,
96,2053.0276,,
97,2586.335,,
98,3313.48,,
99,936.613,,
100,2290.3882,,
101,1570.2653,,
102,3330.568,,
103,2281.2922,,
104,541.32367,,
105,6567.4097,,
106,608.0794,,
107,913.8139,,
108,1312.942,,
109,3773.4973,,
110,496.21594,,
111,3763.8281,,
112,125.20247,,
113,6289.486,,
114,1498.5365,,
115,2389.788,,
116,609.6287,,
117,1436.0199,,
118,1025.3595,,
119,1425.8069,,
120,4942.941,,
121,378.3419,,
122,1765.991,,
123,2045.3357,,
124,4561.873,,
125,5204.77,,
126,1954.9415,,
127,776.91736,,
128,1815.9142,,
129,1399.638,,
130,3339.5417,,
131,1909.332,,
132,1613.1332,,
133,26.857677,,
134,1507.4493,,
135,406.1401,,
136,299.2604,,
137,1159.2366,,
138,240.09003,,
139,2678.217,,
140,-324.2627,,
141,686.3527,,
142,1547.5682,,
143,2378.0034,,
144,1465.8647,,
145,1741.82,,
146,2195.5544,,
147,4186.715,,
148,1644.1837,,
149,1425.767,,
150,1825.6118,,
151,4819.3257,,
152,606.6452,,
153,5776.881,,
154,2025.2179,,
155,2044.3146,,
156,633.2251,,
157,1162.3162,,
158,1238.3162,,
159,1041.2963,,
160,2005.6671,,
161,2675.7908,,
162,4712.9424,,
163,3573.717,,
164,1212.6956,,
165,155.14188,,
166,2288.9478,,
167,2530.0728,,
168,2608.5874,,
169,502.14682,,
170,3240.438,,
171,2881.019,,
172,241.26219,,
173,78.56063,,
174,2366.041,,
175,1857.1105,,
176,3682.6707,,
177,5826.9272,,
178,995.1899,,
179,6060.265,,
180,1735.0433,,
181,3346.896,,
182,3146.7644,,
183,923.8618,,
184,-24.782612,,
185,1646.5336,,
186,3387.8242,,
187,4522.6865,,
188,4863.875,,
189,3039.9258,,
190,1641.7833,,
191,2361.8752,,
192,2598.887,,
193,779.1973,,
194,827.43835,,
195,4111.3564,,
196,506.85687,,
197,3061.79,,
198,2337.0994,,
199,241.16306,,
200,3244.9495,,
201,2018.7085,,
202,3427.9863,,
203,2464.9998,,
204,2118.4539,,
205,1246.4241,,
206,4815.838,,
207,1896.6385,,
208,3102.5583,,
209,1914.0464,,
210,2919.292,,
211,85.801735,,
212,2920.1738,,
213,1657.1025,,
214,4896.755,,
215,2129.0195,,
216,306.7747,,
217,6461.142,,
218,2417.659,,
219,3803.0527,,
220,634.47327,,
221,2482.4653,,
222,3123.6423,,
223,3155.4011,,
224,1840.648,,
225,1113.3489,,
226,2397.0288,,
227,2499.9766,,
228,634.25397,,
229,1260.3647,,
230,4321.0894,,
231,537.6812,,
232,1611.2778,,
233,1927.9016,,
234,1173.6643,,
235,1846.8182,,
236,2415.0796,,
237,2004.3136,,
238,741.48694,,
239,3485.4905,,
240,106.31085,,
241,4784.6973,,
242,499.0618,,
243,1403.7682,,
244,352.28214,,
245,2093.6938,,
246,650.18866,,
247,557.0142,,
248,227.75038,,
249,4519.186,,
250,5203.466,,
251,295.53656,,
252,190.44229,,
253,1734.9264,,
254,4866.6577,,
255,1585.5024,,
256,5281.269,,
257,4081.2126,,
258,1234.532,,
259,703.3408,,
260,3891.1548,,
261,2079.7427,,
262,2804.83,,
263,3937.3088,,
264,3776.6702,,
265,2673.724,,
266,2431.691,,
267,3676.2117,,
268,1814.5553,,
269,3647.3325,,
270,4245.848,,
271,1243.6144,,
272,4111.422,,
273,1870.3385,,
274,709.9513,,
275,1353.9022,,
276,1868.8416,,
277,955.4415,,
278,1705.9034,,
279,1745.3218,,
280,2624.9983,,
281,1569.5938,,
282,2291.2932,,
283,3316.3914,,
284,6461.142,,
285,4867.979,,
286,348.82034,,
287,1568.8169,,
288,526.6314,,
289,987.2751,,
290,804.1815,,
291,2054.9885,,
292,1410.1923,,
293,2224.9453,,
294,3835.664,,
295,2962.7524,,
296,1856.611,,
297,2440.628,,
298,275.6522,,
299,491.06348,,
300,317.02902,,
301,3336.7043,,
302,4179.3564,,
303,1754.1656,,
304,1503.3701,,
305,2330.815,,
306,4659.3203,,
307,1561.1572,,
308,2648.1272,,
309,4267.72,,
310,1511.7197,,
311,3956.9404,,
312,2114.239,,
313,2660.2363,,
314,1742.4678,,
315,971.76825,,
316,2828.3342,,
317,3045.3953,,
318,3564.5537,,
319,1798.3225,,
320,1481.6494,,
321,1484.9556,,
322,3155.4592,,
323,2242.6746,,
324,3186.4414,,
325,3136.766,,
326,36.00576,,
327,2545.8914,,
328,854.636,,
329,478.80325,,
330,287.64825,,
331,2897.5098,,
332,3759.1086,,
333,119.02424,,
334,1657.4242,,
335,1953.1562,,
336,1252.5095,,
337,1424.8289,,
338,3529.4429,,
339,3577.864,,
340,2358.384,,
341,591.73004,,
342,2637.843,,
343,2972.524,,
344,1620.2551,,
345,2426.9863,,
346,2874.5796,,
347,5484.8765,,
348,2143.522,,
349,1684.8137,,
350,3158.0166,,
351,887.7367,,
352,208.7666,,
353,610.0415,,
354,4005.6892,,
355,3508.376,,
356,1875.7081,,
357,831.3383,,
358,2307.3274,,
359,2692.982,,
360,100.41592,,
361,2193.6116,,
362,1428.1007,,
363,707.1832,,
364,503.26987,,
365,2272.6838,,
366,1646.5327,,
367,1493.4329,,
368,1656.8073,,
369,2921.2324,,
370,3662.5977,,
371,506.87247,,
372,247.12328,,
373,3983.298,,
374,5269.2905,,
375,1329.6909,,
376,4074.38,,
377,810.4492,,
378,2857.7864,,
379,4629.735,,
380,1855.0975,,
381,3768.2302,,
382,1557.7263,,
383,64.82307,,
384,1838.3483,,
385,252.6966,,
386,528.0378,,
387,3044.7551,,
388,2262.972,,
389,1535.4568,,
390,3021.9292,,
391,3661.5166,,
392,1957.6705,,
393,184.7718,,
394,1829.2665,,
395,2607.7483,,
396,1271.914,,
397,2557.2793,,
398,2902.37,,
399,965.9836,,
400,2508.827,,
401,712.75507,,
402,2941.8774,,
403,350.87375,,
404,2569.126,,
405,2999.7747,,
406,965.3313,,
407,3179.249,,
408,1213.9641,,
409,138.60768,,
410,3380.011,,
411,2442.1184,,
412,811.6396,,
413,2989.9285,,
414,1821.9905,,
415,256.14502,,
416,3346.7412,,
417,692.98315,,
418,78.40424,,
419,5384.5273,,
420,1680.9049,,
421,1434.1965,,
422,1117.7488,,
423,2025.9825,,
424,1913.2628,,
425,3255.1892,,
426,3910.2458,,
427,1077.5608,,
428,4739.9287,,
429,770.6042,,
430,1226.8313,,
431,3409.3708,,
432,-166.4092,,
433,1799.2251,,
434,2235.7336,,
435,4262.72,,
436,180.21324,,
437,1461.4272,,
438,2742.4082,,
439,1717.1962,,
440,1775.6267,,
441,3308.5613,,
442,767.92206,,
443,1494.2252,,
444,2059.4321,,
445,1904.1445,,
446,3123.6838,,
447,3512.9402,,
448,5304.0156,,
449,2242.946,,
450,321.87766,,
451,619.62933,,
452,2178.559,,
453,1937.1564,,
454,2577.2773,,
455,1373.245,,
456,1486.6233,,
457,1453.3069,,
458,3215.2046,,
459,2077.8,,
460,2068.594,,
461,1273.5771,,
462,977.9587,,
463,2521.2595,,
464,4550.3916,,
465,-59.32624,,
466,1423.2794,,
467,581.09906,,
468,4536.072,,
469,1660.1106,,
470,4664.224,,
471,1878.2496,,
472,2282.4795,,
473,105.73138,,
474,81.05437,,
475,881.67816,,
476,2376.5627,,
477,3717.6624,,
478,343.4315,,
479,-61.10659,,
480,3855.084,,
481,1230.366,,
482,2818.4187,,
483,3799.5603,,
484,3532.8752,,
485,2115.1248,,
486,3983.8027,,
487,2528.5159,,
488,2700.5815,,
489,1602.883,,
490,2649.5476,,
491,3513.5022,,
492,2463.9338,,
493,1482.5222,,
494,578.6061,,
495,3073.2788,,
496,1559.6565,,
497,3593.1367,,
498,4102.3286,,
499,2638.1091,,
500,2112.1062,,
501,635.66956,,
502,1105.2451,,
503,4062.26,,
504,777.9955,,
505,2380.1543,,
506,256.97925,,
507,1570.5857,,
508,3163.6936,,
509,3890.958,,
510,3828.9084,,
511,3313.019,,
512,133.0742,,
513,1949.3899,,
514,2026.7059,,
515,2120.267,,
516,198.83672,,
517,4233.322,,
518,2526.8982,,
519,750.2964,,
520,1760.2196,,
521,434.52243,,
522,443.9881,,
523,1834.6396,,
524,4191.233,,
525,6044.0005,,
526,2797.1042,,
527,1982.6263,,
528,504.57697,,
529,3150.6685,,
530,1400.0698,,
531,3390.035,,
532,1419.018,,
533,1888.7018,,
534,105.440796,,
535,3075.0984,,
536,1781.8184,,
537,5988.088,,
538,2150.598,,
539,4546.8843,,
540,3265.1577,,
541,662.2372,,
542,1364.0007,,
543,228.48915,,
544,3227.239,,
545,7554.306,,
546,2057.0352,,
547,986.8535,,
548,3652.5547,,
549,4036.9082,,
550,1038.3007,,
551,1639.1713,,
552,240.41011,,
553,3617.5515,,
554,1636.6066,,
555,1131.759,,
556,3224.854,,
557,275.85083,,
558,3121.06,,
559,3272.4314,,
560,2787.3113,,
561,857.46497,,
562,2053.08,,
563,2543.4734,,
564,3704.668,,
565,3515.2122,,
566,4500.771,,
567,2143.8826,,
568,2150.705,,
569,3634.2402,,
570,1239.8044,,
571,2557.4705,,
572,1337.7513,,
573,1715.0946,,
574,2683.0764,,
575,190.54358,,
576,173.22531,,
577,901.3708,,
578,249.35625,,
579,1907.6674,,
580,3069.7317,,
581,588.30786,,
582,3858.0671,,
583,2415.8113,,
584,1537.67,,
585,2982.0054,,
586,3311.8882,,
587,733.60333,,
588,2848.1306,,
589,2595.0212,,
590,4781.2617,,
591,1569.498,,
592,2099.5513,,
593,3514.3025,,
594,3479.275,,
595,754.201,,
596,2583.5073,,
597,1927.4497,,
598,3012.326,,
599,2643.153,,
600,2995.5513,,
601,2835.7576,,
602,2370.9578,,
603,1821.7582,,
604,2240.8892,,
605,5334.3174,,
606,2200.466,,
607,1806.7802,,
608,666.37604,,
609,468.12195,,
610,311.87106,,
611,2284.466,,
612,3036.939,,
613,3039.4316,,
614,2421.8877,,
615,369.2455,,
616,1299.5751,,
617,968.99506,,
618,1020.4296,,
619,25.061825,,
620,729.4504,,
621,293.27756,,
622,1818.5813,,
623,2219.859,,
624,2499.1575,,
625,2606.4229,,
626,703.1832,,
627,3045.112,,
628,1389.4666,,
629,942.0027,,
630,1990.7355,,
631,1816.2495,,
632,1474.7378,,
633,1231.2078,,
634,1831.5818,,
635,213.52623,,
636,2102.7227,,
637,560.8297,,
638,1237.3447,,
639,2910.6267,,
640,957.62054,,
641,1694.8187,,
642,4809.2993,,
643,2395.3103,,
644,2300.7913,,
645,2217.4316,,
646,1936.8469,,
647,2290.0244,,
648,1262.8828,,
649,846.70953,,
650,2077.6804,,
651,3860.271,,
652,1604.1327,,
653,3270.9316,,
654,1906.8375,,
655,3788.3152,,
656,1124.8214,,
657,252.95192,,
658,4719.0303,,
659,4142.405,,
660,3028.275,,
661,3362.334,,
662,3361.7974,,
663,3522.7358,,
664,715.97546,,
665,1929.7197,,
666,3138.506,,
667,1572.9827,,
668,2822.3167,,
669,3310.3027,,
670,456.8654,,
671,2773.1287,,
672,4129.101,,
673,1950.1277,,
674,60.833282,,
675,1343.5454,,
676,2042.7671,,
677,447.64154,,
678,1924.8014,,
679,2578.757,,
680,1248.9373,,
681,6465.9043,,
682,1984.2035,,
683,550.4416,,
684,2437.051,,
685,3156.3857,,
686,2099.0347,,
687,3614.5198,,
688,3802.8794,,
689,49.252857,,
690,6223.416,,
691,1571.483,,
692,1971.0249,,
693,2377.9495,,
694,440.27628,,
695,1780.2781,,
696,5256.6523,,
697,677.9413,,
698,3176.2202,,
699,3019.2322,,
700,5307.672,,
701,1905.9196,,
702,1727.7632,,
703,780.9814,,
704,1552.863,,
705,2574.3765,,
706,588.7029,,
707,3924.9175,,
708,3390.98,,
709,4528.9155,,
710,1541.0741,,
711,3486.093,,
712,4183.052,,
713,989.71466,,
714,1791.3671,,
715,2849.2317,,
716,1998.6516,,
717,284.4634,,
718,2912.0552,,
719,536.4314,,
720,1561.0958,,
721,877.3013,,
722,173.51274,,
723,1907.3091,,
724,2597.927,,
725,2609.7612,,
726,748.702,,
727,1427.506,,
728,5830.3433,,
729,2708.2888,,
730,1715.8375,,
731,2046.0734,,
732,4065.2727,,
733,202.95406,,
734,2084.5276,,
735,2132.5972,,
736,3129.42,,
737,832.6897,,
738,4366.634,,
739,2036.366,,
740,2003.5764,,
741,2183.9158,,
742,3595.1938,,
743,2377.9187,,
744,4166.068,,
745,2093.6995,,
746,3624.6497,,
747,3234.163,,
748,5186.111,,
749,725.1897,,
750,5874.6963,,
751,2943.184,,
752,2709.4346,,
753,949.1614,,
754,2016.4093,,
755,2535.4023,,
756,2316.8635,,
757,1732.7845,,
758,2018.6434,,
759,1526.3882,,
760,5065.6733,,
761,1642.0922,,
762,3771.613,,
763,1523.2493,,
764,3044.7153,,
765,2186.827,,
766,4888.6436,,
767,1975.7362,,
768,1830.648,,
769,2468.4397,,
770,1455.9227,,
771,3687.2932,,
772,2539.9104,,
773,53.483204,,
774,360.87506,,
775,3685.1404,,
776,2907.7283,,
777,2390.277,,
778,2330.8357,,
779,3805.517,,
780,1309.9883,,
781,1634.473,,
782,1329.321,,
783,639.87836,,
784,2357.376,,
785,-243.33424,,
786,1529.2716,,
787,1994.0045,,
788,530.3471,,
789,1726.7792,,
790,2452.6697,,
791,1690.983,,
792,565.6553,,
793,4686.4043,,
794,1761.9867,,
795,974.24695,,
796,3572.745,,
797,810.1205,,
798,2320.5261,,
799,491.57492,,
800,1198.8563,,
801,3460.8916,,
802,1825.7053,,
803,251.4978,,
804,1370.9131,,
805,3484.92,,
806,2518.6035,,
807,3531.1519,,
808,3182.359,,
809,2229.4836,,
810,1963.6858,,
811,2930.1755,,
812,1578.0045,,
813,1405.6967,,
814,2154.7312,,
815,2145.1082,,
816,2598.5774,,
817,2797.265,,
818,2538.9148,,
819,3998.713,,
820,54.22001,,
821,5146.382,,
822,529.7021,,
823,1632.2786,,
824,-455.59366,,
825,1427.0219,,
826,1668.6006,,
827,3655.444,,
828,672.93945,,
829,666.0793,,
830,1286.1558,,
831,157.72392,,
832,2809.7131,,
833,1859.6195,,
834,1976.5812,,
835,2679.336,,
836,2627.5586,,
837,2364.8845,,
838,2144.88,,
839,810.2934,,
840,3917.686,,
841,533.7778,,
842,232.0348,,
843,868.35394,,
844,2461.913,,
845,855.6795,,
846,1289.6519,,
847,816.4529,,
848,1766.28,,
849,2377.0593,,
850,3352.3022,,
851,4132.9873,,
852,5422.045,,
853,2739.2664,,
854,750.5843,,
855,3970.9993,,
856,1338.4938,,
857,3199.4224,,
858,602.23596,,
859,4257.3823,,
860,1816.8217,,
861,5448.2124,,
862,1978.55,,
863,1541.567,,
864,1709.0366,,
865,556.62897,,
866,7719.9634,,
867,2461.194,,
868,2079.9143,,
869,5460.0586,,
870,1927.4568,,
871,343.02844,,
872,1007.2662,,
873,2641.3445,,
874,1990.0239,,
875,131.57967,,
876,1381.7617,,
877,1303.5398,,
878,675.78894,,
879,769.7731,,
880,1667.9257,,
881,4676.1646,,
882,3351.8237,,
883,1136.5063,,
884,5398.5957,,
885,3624.8987,,
886,2442.163,,
887,-13.622419,,
888,209.55847,,
889,2973.1367,,
890,944.91077,,
891,2027.8035,,
892,1556.2775,,
893,3381.875,,
894,1586.0498,,
895,4041.2114,,
896,4584.438,,
897,1565.1396,,
898,1379.8427,,
899,1474.3699,,
900,618.9523,,
901,2244.5842,,
902,1831.5569,,
903,362.57672,,
904,2992.4316,,
905,2498.1348,,
906,2191.1436,,
907,1455.9446,,
908,2441.1672,,
909,601.6384,,
910,2504.024,,
911,205.71712,,
912,2670.89,,
913,1931.5107,,
914,2197.7917,,
915,3416.9514,,
916,1055.0396,,
917,2242.2227,,
918,7118.3877,,
919,1389.4603,,
920,2635.0017,,
921,1747.7676,,
922,2980.781,,
923,2373.0244,,
924,795.92255,,
925,1702.1356,,
926,1944.4534,,
927,3541.1357,,
928,2058.4426,,
929,1855.5175,,
930,279.20428,,
931,5815.698,,
932,3801.0984,,
933,2716.743,,
934,4630.113,,
935,1863.0942,,
936,192.49463,,
937,2186.0237,,
938,913.2899,,
939,5599.6426,,
940,5741.803,,
941,1889.5747,,
942,2410.5352,,
943,-128.24199,,
944,1326.6357,,
945,95.47167,,
946,593.63214,,
947,918.96356,,
948,2313.2124,,
949,946.45844,,
950,3001.9373,,
951,4225.8887,,
952,1127.9456,,
953,1770.6262,,
954,1174.6417,,
955,1436.1833,,
956,1475.68,,
957,2289.3071,,
958,1043.3754,,
959,2131.39,,
960,1679.8237,,
961,4126.4536,,
962,2724.3682,,
963,417.55374,,
964,1796.8042,,
965,1966.987,,
966,1986.4305,,
967,3687.8418,,
968,3032.349,,
969,255.36363,,
970,5286.119,,
971,2267.0261,,
972,5046.2725,,
973,2914.1973,,
974,503.06204,,
975,3775.8083,,
976,969.25775,,
977,1819.085,,
978,3093.1523,,
979,1652.9966,,
980,2336.4224,,
981,1212.6755,,
982,2396.6274,,
983,4100.7637,,
984,3671.8645,,
985,1782.2715,,
986,3339.116,,
987,763.4759,,
988,1173.0497,,
989,3515.5217,,
990,1786.2349,,
991,1387.609,,
992,3164.0815,,
993,4066.2825,,
994,8162.7925,,
995,3460.5579,,
996,1918.1606,,
997,1673.3696,,
998,2488.8557,,
999,1265.728,,
1000,3045.317,,
1001,2426.281,,
1002,3125.1956,,
1003,4617.2583,,
1004,1692.7444,,
1005,2326.7612,,
1006,3805.2366,,
1007,2118.2473,,
1008,3218.484,,
1009,4333.6714,,
1010,2102.8235,,
1011,207.93855,,
1012,1524.2124,,
1013,1323.308,,
1014,1001.6704,,
1015,1835.342,,
1016,1519.8798,,
1017,2986.842,,
1018,2542.5273,,
1019,2953.5605,,
1020,6480.326,,
1021,2368.1504,,
1022,3244.0125,,
1023,182.13058,,
1024,529.09155,,
1025,693.2441,,
1026,5883.144,,
1027,2985.7456,,
1028,2760.4949,,
1029,3499.1467,,
1030,1049.9246,,
1031,1994.7128,,
1032,3913.88,,
1033,1291.3726,,
1034,1392.1865,,
1035,4180.982,,
1036,4602.8906,,
1037,1872.0273,,
1038,4918.0674,,
1039,1717.2426,,
1040,3285.1914,,
1041,2655.84,,
1042,546.77435,,
1043,5361.2036,,
1044,2201.3953,,
1045,2503.9456,,
1046,366.66763,,
1047,1009.3393,,
1048,2520.9368,,
1049,2458.1028,,
1050,1125.7388,,
1051,2497.116,,
1052,415.28796,,
1053,4154.365,,
1054,1405.0172,,
1055,2554.278,,
1056,2644.9834,,
1057,2388.3206,,
1058,2444.402,,
1059,2004.5531,,
1060,1450.6125,,
1061,2419.9968,,
1062,2403.8044,,
1063,577.1772,,
1064,140.50095,,
1065,6368.285,,
1066,638.9947,,
1067,4140.787,,
1068,4122.4707,,
1069,98.00395,,
1070,622.7022,,
1071,1794.7302,,
1072,1286.6022,,
1073,1435.7021,,
1074,4242.2515,,
1075,3503.8784,,
1076,721.43805,,
1077,1961.9576,,
1078,1339.0688,,
1079,1147.0415,,
1080,1951.4863,,
1081,1440.0767,,
1082,416.29648,,
1083,4369.4097,,
1084,1093.1747,,
1085,1451.9894,,
1086,1646.4437,,
1087,1303.062,,
1088,3365.5806,,
1089,1234.0295,,
1090,3991.93,,
1091,1596.5302,,
1092,3691.3772,,
1093,3870.7097,,
1094,1058.0693,,
1095,2553.6926,,
1096,680.6736,,
1097,910.9964,,
1098,5614.737,,
1099,1220.4261,,
1100,2147.0923,,
1101,1478.4988,,
1102,1651.0873,,
1103,546.4351,,
1104,715.99493,,
1105,1887.1028,,
1106,1183.3975,,
1107,2839.1924,,
1108,31.346008,,
1109,3094.6055,,
1110,1916.6896,,
1111,2913.2185,,
1112,704.1667,,
1113,2918.6738,,
1114,1722.0778,,
1115,3422.7402,,
1116,2413.2124,,
1117,1851.2234,,
1118,3427.8599,,
1119,4300.399,,
1120,3865.6367,,
1121,3656.7698,,
1122,4233.7495,,
1123,4197.6704,,
1124,3060.551,,
1125,2854.6226,,
1126,383.39334,,
1127,675.0193,,
1128,1609.4043,,
1129,1812.8428,,
1130,3593.864,,
1131,1126.0931,,
1132,1859.3108,,
1133,4846.4717,,
1134,398.39337,,
1135,2155.5593,,
1136,2297.0627,,
1137,5377.7046,,
1138,1203.1847,,
1139,3440.5662,,
1140,1801.9171,,
1141,1787.4417,,
1142,710.93555,,
1143,2310.0105,,
1144,1913.8685,,
1145,354.7034,,
1146,2326.0457,,
1147,320.79752,,
1148,1739.6283,,
1149,443.73154,,
1150,4521.3667,,
1151,509.70337,,
1152,3377.457,,
1153,426.22296,,
1154,3828.1316,,
1155,3257.4602,,
1156,4716.615,,
1157,3863.8875,,
1158,1333.2333,,
1159,2395.4949,,
1160,865.60046,,
1161,4355.9966,,
1162,3672.4487,,
1163,2147.0627,,
1164,358.30206,,
1165,3005.1248,,
1166,3993.266,,
1167,1639.1711,,
1168,1879.1194,,
1169,1723.686,,
1170,2481.099,,
1171,3463.757,,
1172,2909.6091,,
1173,1957.7949,,
1174,1134.5209,,
1175,2248.7236,,
1176,999.2016,,
1177,694.9879,,
1178,3340.6985,,
1179,2940.1143,,
1180,2068.6917,,
1181,2097.34,,
1182,2659.7659,,
1183,2544.612,,
1184,2820.1262,,
1185,495.34848,,
1186,2629.0464,,
1187,2432.6887,,
1188,3313.9153,,
1189,1135.7571,,
1190,968.5908,,
1191,559.79285,,
1192,3407.1401,,
1193,3439.5537,,
1194,6671.492,,
1195,279.15567,,
1196,137.40305,,
1197,626.888,,
1198,759.1884,,
1199,1683.755,,
1200,1901.4684,,
1201,2471.9248,,
1202,2419.966,,
1203,2371.8408,,
1204,1060.5339,,
1205,1057.4615,,
1206,2407.4375,,
1207,4073.1865,,
1208,927.84644,,
1209,1538.2677,,
1210,3934.9077,,
1211,2728.0754,,
1212,619.8868,,
1213,2398.8062,,
1214,2468.4436,,
1215,1067.6553,,
1216,3149.178,,
1217,1250.8732,,
1218,1765.9199,,
1219,1851.8441,,
1220,1819.1925,,
1221,5260.7397,,
1222,2648.9424,,
1223,1711.2424,,
1224,601.6152,,
1225,3045.0095,,
1226,2294.3694,,
1227,1770.1431,,
1228,1414.0238,,
1229,869.2507,,
1230,735.3722,,
1231,1582.5643,,
1232,2980.6162,,
1233,210.17339,,
1234,453.6903,,
1235,3116.1802,,
1236,2988.9873,,
1237,2303.9739,,
1238,-596.38635,,
1239,3413.161,,
1240,2370.5427,,
1241,3189.2422,,
1242,2774.556,,
1243,3468.4163,,
1244,4593.296,,
1245,2136.01,,
1246,2070.561,,
1247,776.0966,,
1248,4729.9194,,
1249,2229.7607,,
1250,481.81577,,
1251,3465.9211,,
1252,1646.957,,
1253,1405.3221,,
1254,1897.1674,,
1255,3694.071,,
1256,506.53476,,
1257,2112.6104,,
1258,5299.056,,
1259,335.628,,
1260,3018.005,,
1261,2761.5444,,
1262,3333.2227,,
1263,1188.9972,,
1264,478.4725,,
1265,1830.3838,,
1266,3374.2468,,
1267,2343.776,,
1268,5596.6553,,
1269,798.3733,,
1270,320.20456,,
1271,1623.8655,,
1272,1100.566,,
1273,346.7383,,
1274,2915.8005,,
1275,5441.8403,,
1276,2718.1436,,
1277,3836.4648,,
1278,2019.3784,,
1279,886.38776,,
1280,1942.5077,,
1281,2978.9583,,
1282,4030.3103,,
1283,1025.6349,,
1284,5657.717,,
1285,999.7563,,
1286,3579.6497,,
1287,66.827805,,
1288,1125.9899,,
1289,1887.1757,,
1290,3681.8494,,
1291,1872.1321,,
1292,1904.273,,
1293,2604.755,,
1294,231.47429,,
1295,1161.6211,,
1296,1962.5277,,
1297,1329.5386,,
1298,397.33917,,
1299,2642.652,,
1300,746.63245,,
1301,447.21146,,
1302,3583.7886,,
1303,1219.399,,
1304,1256.459,,
1305,409.91943,,
1306,919.99854,,
1307,889.0661,,
1308,5915.1694,,
1309,1985.0543,,
1310,744.4211,,
1311,3276.2974,,
1312,2807.2366,,
1313,835.07935,,
1314,3657.8008,,
1315,3110.89,,
1316,1456.09,,
1317,782.7547,,
1318,2985.8662,,
1319,2558.0396,,
1320,3193.774,,
1321,1382.4066,,
1322,1641.4043,,
1323,4931.3174,,
1324,3122.1697,,
1325,3174.937,,
1326,690.99255,,
1327,3596.587,,
1328,3435.6606,,
1329,412.2357,,
1330,3200.54,,
1331,3275.1555,,
1332,363.96594,,
1333,5239.2373,,
1334,1794.31,,
1335,563.8705,,
1336,1650.224,,
1337,3021.4758,,
1338,2718.8933,,
1339,267.39017,,
1340,549.3617,,
1341,1417.0664,,
1342,321.67905,,
1343,1927.218,,
1344,2382.247,,
1345,-65.6173,,
1346,1770.0281,,
1347,2460.2634,,
1348,769.1745,,
1349,2638.7322,,
1350,6128.072,,
1351,2950.444,,
1352,3123.063,,
1353,1297.031,,
1354,1398.7191,,
1355,2896.5273,,
1356,1226.4996,,
1357,2486.1462,,
1358,3630.6567,,
1359,2654.8518,,
1360,5826.596,,
1361,478.96643,,
1362,810.2663,,
1363,476.53275,,
1364,2689.5674,,
1365,2014.5885,,
1366,3803.3982,,
1367,4485.6035,,
1368,511.8383,,
1369,1740.73,,
1370,3075.2136,,
1371,3166.235,,
1372,2342.511,,
1373,2239.6519,,
1374,4079.8733,,
1375,5547.2275,,
1376,873.0472,,
1377,627.11383,,
1378,2177.4436,,
1379,1916.1324,,
1380,1015.6475,,
1381,3310.7693,,
1382,1872.0441,,
1383,3775.3083,,
1384,3401.3667,,
1385,148.12416,,
1386,1750.2407,,
1387,3030.539,,
1388,4550.2983,,
1389,2880.3025,,
1390,3281.4304,,
1391,582.38165,,
1392,3115.2566,,
1393,3058.3535,,
1394,521.1355,,
1395,2359.2178,,
1396,3986.0151,,
1397,2294.0825,,
1398,1566.301,,
1399,746.0465,,
1400,468.0135,,
1401,37.064262,,
1402,1795.6388,,
1403,2349.975,,
1404,1840.1519,,
1405,2090.6353,,
1406,2128.431,,
1407,2649.531,,
1408,973.43756,,
1409,1717.4401,,
1410,6861.9653,,
1411,727.4168,,
1412,2050.7847,,
1413,2799.494,,
1414,1843.5549,,
1415,3984.0688,,
1416,2761.1042,,
1417,1775.9791,,
1418,661.8878,,
1419,3578.176,,
1420,3066.5286,,
1421,1058.2715,,
1422,3513.872,,
1423,1389.5562,,
1424,2132.0237,,
1425,1390.2463,,
1426,3017.8103,,
1427,804.7896,,
1428,2496.2402,,
1429,551.0828,,
1430,1735.7871,,
1431,2348.0986,,
1432,839.49243,,
1433,751.54114,,
1434,3111.1025,,
1435,268.19357,,
1436,3666.8984,,
1437,4124.814,,
1438,845.6029,,
1439,1177.4618,,
1440,1571.3276,,
1441,2003.6128,,
1442,1427.1431,,
1443,2535.83,,
1444,4396.717,,
1445,150.35144,,
1446,1940.8334,,
1447,4590.666,,
1448,1845.1611,,
1449,3244.61,,
1450,2341.8965,,
1451,4741.5864,,
1452,908.4392,,
1453,9913.183,,
1454,2389.355,,
1455,248.64053,,
1456,2592.676,,
1457,5352.93,,
1458,924.3181,,
1459,1689.7374,,
1460,3867.9624,,
1461,3178.599,,
1462,2652.9827,,
1463,2633.0889,,
1464,674.95416,,
1465,2956.2617,,
1466,2977.3867,,
1467,292.64548,,
1468,1940.9259,,
1469,930.87494,,
1470,2748.7783,,
1471,1456.8081,,
1472,4583.1484,,
1473,3877.2852,,
1474,5694.982,,
1475,2109.0964,,
1476,1620.021,,
1477,2802.4065,,
1478,4322.3203,,
1479,7884.5435,,
1480,4477.0703,,
1481,1571.8619,,
1482,2901.7249,,
1483,4062.7869,,
1484,1941.6241,,
1485,985.23785,,
1486,4339.054,,
1487,-39.500656,,
1488,2607.8123,,
1489,1755.7853,,
1490,3829.7915,,
1491,3350.5935,,
1492,833.2478,,
1493,368.51776,,
1494,204.0716,,
1495,2994.6414,,
1496,839.5797,,
1497,626.81683,,
1498,3049.3828,,
1499,2020.3291,,
1500,288.82306,,
1501,2017.7255,,
1502,793.4029,,
1503,5299.0176,,
1504,1887.4011,,
1505,58.742767,,
1506,3306.9373,,
1507,2354.7275,,
1508,2618.3242,,
1509,3842.8235,,
1510,292.4037,,
1511,1682.4325,,
1512,2455.1619,,
1513,720.49756,,
1514,2293.9739,,
1515,2313.919,,
1516,37.220364,,
1517,312.04306,,
1518,-2.7859821,,
1519,1843.1035,,
1520,1497.7654,,
1521,515.043,,
1522,2329.309,,
1523,2827.204,,
1524,2529.1797,,
1525,285.98047,,
1526,1020.2362,,
1527,1590.3363,,
1528,653.891,,
1529,1984.372,,
1530,804.9593,,
1531,660.9671,,
1532,3467.7625,,
1533,450.26718,,
1534,3599.5469,,
1535,2053.1313,,
1536,2508.9087,,
1537,1701.9353,,
1538,1885.5093,,
1539,1787.2242,,
1540,2568.5337,,
1541,1493.9993,,
1542,738.9789,,
1543,1611.0112,,
1544,679.1917,,
1545,641.6603,,
1546,3603.6138,,
1547,170.10234,,
1548,6040.4326,,
1549,2394.0125,,
1550,3512.935,,
1551,2038.3451,,
1552,-22.531109,,
1553,2196.4397,,
1554,2240.4531,,
1555,2486.211,,
1556,2884.7463,,
1557,1447.0104,,
1558,1123.1345,,
1559,3817.867,,
1560,1613.2308,,
1561,1236.4546,,
1562,-301.27686,,
1563,1723.0886,,
1564,251.60043,,
1565,1213.149,,
1566,3403.4443,,
1567,2884.7703,,
1568,1360.8109,,
1569,2036.8225,,
1570,1170.798,,
1571,4423.287,,
1572,1220.2966,,
1573,3701.6482,,
1574,321.08423,,
1575,4080.471,,
1576,2143.9546,,
1577,929.732,,
1578,2276.7952,,
1579,803.5314,,
1580,1902.497,,
1581,3296.252,,
1582,2798.7563,,
1583,2114.8772,,
1584,2169.751,,
1585,3169.054,,
1586,2921.3242,,
1587,1790.4584,,
1588,979.7898,,
1589,2226.404,,
1590,1752.6356,,
1591,263.45987,,
1592,3183.0183,,
1593,325.9881,,
1594,1850.7582,,
1595,1016.65063,,
1596,4483.7764,,
1597,4763.895,,
1598,4174.1777,,
1599,2483.8196,,
1600,3173.7517,,
1601,1201.7866,,
1602,1204.5287,,
1603,2528.1572,,
1604,2912.3806,,
1605,801.4447,,
1606,7099.913,,
1607,2832.779,,
1608,2487.616,,
1609,1349.7335,,
1610,4065.6633,,
1611,44.023075,,
1612,2137.4656,,
1613,4292.6997,,
1614,522.12585,,
1615,3719.9744,,
1616,88.29597,,
1617,1855.9613,,
1618,3409.9927,,
1619,1107.832,,
1620,2282.4993,,
1621,2575.528,,
1622,4093.2827,,
1623,1898.0125,,
1624,2357.4487,,
1625,1151.2234,,
1626,3572.067,,
1627,2294.0825,,
1628,2944.4678,,
1629,73.59519,,
1630,3274.8826,,
1631,2846.8591,,
1632,1107.8466,,
1633,503.1352,,
1634,2708.6138,,
1635,1589.775,,
1636,3941.686,,
1637,1050.1714,,
1638,4436.959,,
1639,3645.8264,,
1640,3257.8086,,
1641,4133.0386,,
1642,724.6386,,
1643,2862.8108,,
1644,157.5899,,
1645,1791.3236,,
1646,1708.5457,,
1647,3330.011,,
1648,327.42715,,
1649,1872.0948,,
1650,1878.2256,,
1651,258.68307,,
1652,753.5993,,
1653,4006.2507,,
1654,3732.8103,,
1655,866.0563,,
1656,2954.1487,,
1657,457.2952,,
1658,1759.7418,,
1659,1023.29083,,
1660,3160.6055,,
1661,1578.046,,
1662,4134.528,,
1663,1752.6125,,
1664,365.25867,,
1665,2687.6914,,
1666,5678.335,,
1667,1470.4001,,
1668,4295.636,,
1669,1207.682,,
1670,3917.6143,,
1671,3888.7278,,
1672,1478.127,,
1673,1773.4026,,
1674,988.8533,,
1675,5007.717,,
1676,429.92422,,
1677,2260.6047,,
1678,1358.6372,,
1679,4358.5127,,
1680,1882.8597,,
1681,2594.1475,,
1682,2518.161,,
1683,1421.3541,,
1684,329.04095,,
1685,4344.56,,
1686,3322.576,,
1687,2826.498,,
1688,1195.6583,,
1689,611.48773,,
1690,1613.6932,,
1691,786.8024,,
1692,1501.8097,,
1693,3121.4907,,
1694,1874.2358,,
1695,689.2695,,
1696,2847.87,,
1697,2412.948,,
1698,2180.521,,
1699,631.9478,,
1700,4481.708,,
1701,1078.0062,,
1702,1199.297,,
1703,1806.4971,,
1704,1911.655,,
1705,1985.6667,,
1706,4679.596,,
1707,2925.498,,
1708,3745.2,,
1709,2434.4043,,
1710,120.489975,,
1711,2816.6926,,
1712,3074.305,,
1713,1853.8081,,
1714,4750.248,,
1715,2684.4592,,
1716,3919.2612,,
1717,2452.3477,,
1718,601.8599,,
1719,1290.7961,,
1720,2831.5063,,
1721,2310.907,,
1722,2613.7527,,
1723,1742.2169,,
1724,2624.518,,
1725,684.57446,,
1726,6037.641,,
1727,3973.48,,
1728,2213.1765,,
1729,2155.4863,,
1730,3311.7703,,
1731,3656.917,,
1732,2368.7449,,
1733,755.04315,,
1734,1334.2943,,
1735,2269.2947,,
1736,1998.2223,,
1737,1832.5691,,
1738,742.15967,,
1739,2659.1482,,
1740,806.3501,,
1741,746.2028,,
1742,2003.322,,
1743,-148.56387,,
1744,225.00719,,
1745,3352.5244,,
1746,462.92285,,
1747,2018.9692,,
1748,3401.6006,,
1749,2985.2083,,
1750,5460.56,,
1751,1353.1155,,
1752,2768.5625,,
1753,3499.2974,,
1754,2139.9463,,
1755,469.93295,,
1756,3026.8457,,
1757,3027.7632,,
1758,683.1158,,
1759,2440.356,,
1760,5258.5366,,
1761,4328.4727,,
1762,2473.9226,,
1763,2691.8652,,
1764,1107.4905,,
1765,2414.0354,,
1766,3973.7395,,
1767,1628.5419,,
1768,2458.6428,,
1769,3837.4265,,
1770,3906.422,,
1771,2074.5542,,
1772,3047.4153,,
1773,3033.4114,,
1774,2897.9053,,
1775,3271.5298,,
1776,1770.0823,,
1777,3204.062,,
1778,765.5992,,
1779,5317.243,,
1780,836.9721,,
1781,1014.7451,,
1782,1194.1266,,
1783,116.765594,,
1784,2913.1562,,
1785,517.1761,,
1786,2289.5493,,
1787,1089.651,,
1788,2107.2866,,
1789,2124.3547,,
1790,155.98172,,
1791,2904.1604,,
1792,3878.4478,,
1793,2018.0104,,
1794,1257.8175,,
1795,2708.3618,,
1796,3224.1667,,
1797,1491.9535,,
1798,1770.8088,,
1799,1038.4445,,
1800,1141.2538,,
1801,6754.265,,
1802,1729.4938,,
1803,1282.4169,,
1804,2746.175,,
1805,403.6066,,
1806,2248.0173,,
1807,-90.6157,,
1808,956.4778,,
1809,3839.0728,,
1810,2830.163,,
1811,2366.0994,,
1812,508.73672,,
1813,4457.7163,,
1814,1303.9706,,
1815,1273.7825,,
1816,902.50146,,
1817,3209.3323,,
1818,3010.486,,
1819,44.125275,,
1820,2969.6968,,
1821,1873.8586,,
1822,3228.6855,,
1823,194.08957,,
1824,698.34424,,
1825,1688.2089,,
1826,1404.1385,,
1827,2942.7397,,
1828,3701.027,,
1829,717.4142,,
1830,-414.5411,,
1831,1936.658,,
1832,1084.8497,,
1833,611.5298,,
1834,3392.2456,,
1835,1376.5043,,
1836,195.14052,,
1837,5199.8726,,
1838,1671.5065,,
1839,1897.361,,
1840,3566.5017,,
1841,2980.2847,,
1842,2187.2805,,
1843,3093.7324,,
1844,1013.23126,,
1845,1593.8247,,
1846,2056.6218,,
1847,1422.7115,,
1848,1476.9609,,
1849,2355.8467,,
1850,3866.3328,,
1851,2797.648,,
1852,324.4088,,
1853,3016.3245,,
1854,1970.7404,,
1855,1515.3862,,
1856,2840.4138,,
1857,143.21626,,
1858,3653.2312,,
1859,2458.0715,,
1860,1380.6506,,
1861,4603.98,,
1862,3162.0103,,
1863,1932.3417,,
1864,3434.9568,,
1865,2428.1206,,
1866,1985.1436,,
1867,1380.8035,,
1868,1001.0151,,
1869,806.6709,,
1870,1919.6102,,
1871,2491.1865,,
1872,168.09778,,
1873,680.08167,,
1874,2962.1292,,
1875,1235.1681,,
1876,4992.038,,
1877,2445.6545,,
1878,1668.3817,,
1879,1927.5405,,
1880,970.2024,,
1881,1869.9803,,
1882,1614.4983,,
1883,3963.2185,,
1884,1331.663,,
1885,84.74084,,
1886,2480.0552,,
1887,491.23245,,
1888,4413.572,,
1889,577.2963,,
1890,1097.4724,,
1891,3062.3562,,
1892,1363.359,,
1893,1201.5248,,
1894,332.5357,,
1895,4581.891,,
1896,1492.6533,,
1897,2611.536,,
1898,1817.1232,,
1899,3179.201,,
1900,3767.1086,,
1901,157.37508,,
1902,137.20013,,
1903,3601.0078,,
1904,2311.2827,,
1905,2475.1343,,
1906,6176.381,,
1907,4215.183,,
1908,3250.4143,,
1909,1763.7416,,
1910,3393.937,,
1911,479.9693,,
1912,3835.9102,,
1913,1909.2927,,
1914,3917.9805,,
1915,504.58023,,
1916,833.2823,,
1917,3168.501,,
1918,1802.3761,,
1919,144.91602,,
1920,1908.6255,,
1921,2354.454,,
1922,2330.9373,,
1923,3887.8315,,
1924,3992.68,,
1925,1475.7195,,
1926,2033.4279,,
1927,3770.2131,,
1928,1181.7858,,
1929,2020.1504,,
1930,4767.317,,
1931,125.43316,,
1932,3566.0142,,
1933,1280.5007,,
1934,4782.8564,,
1935,2948.0186,,
1936,1707.3777,,
1937,2584.252,,
1938,1665.2489,,
1939,639.3634,,
1940,2098.4329,,
1941,1574.687,,
1942,1054.371,,
1943,1192.0865,,
1944,710.7828,,
1945,487.54037,,
1946,4970.724,,
1947,3056.638,,
1948,978.8822,,
1949,420.9163,,
1950,1075.7177,,
1951,1781.0654,,
1952,3883.5266,,
1953,871.13245,,
1954,2054.2664,,
1955,252.53877,,
1956,2527.3323,,
1957,2502.9158,,
1958,657.42346,,
1959,265.9284,,
1960,4060.1868,,
1961,2004.2424,,
1962,2392.63,,
1963,2591.1763,,
1964,2938.0017,,
1965,677.81,,
1966,758.25555,,
1967,2755.1152,,
1968,1892.6864,,
1969,421.54297,,
1970,265.10034,,
1971,2865.048,,
1972,269.46417,,
1973,-7.182809,,
1974,108.81874,,
1975,739.1805,,
1976,1337.0991,,
1977,3470.171,,
1978,2320.6252,,
1979,2952.1626,,
1980,1454.723,,
1981,4052.2336,,
1982,954.44025,,
1983,2371.9912,,
1984,906.00757,,
1985,1555.7482,,
1986,2792.6118,,
1987,657.7739,,
1988,4900.9165,,
1989,648.1476,,
1990,2687.597,,
1991,2144.5022,,
1992,3390.7356,,
1993,1556.9763,,
1994,5025.3745,,
1995,2450.7488,,
1996,3728.8306,,
1997,652.44293,,
1998,2089.7356,,
1999,1860.9226,,
2000,1714.6157,,
2001,398.35117,,
2002,598.0707,,
2003,2775.701,,
2004,3486.4094,,
2005,2799.4648,,
2006,2306.5435,,
2007,3012.7622,,
2008,2398.0706,,
2009,2954.2104,,
2010,678.3762,,
2011,3228.2578,,
2012,73.510605,,
2013,1227.2769,,
2014,2240.1694,,
2015,2576.5051,,
2016,687.1886,,
2017,1791.3534,,
2018,4274.282,,
2019,46.25593,,
2020,2573.285,,
2021,1646.1191,,
2022,3044.6592,,
2023,1969.4271,,
2024,631.7299,,
2025,2308.0918,,
2026,2804.7842,,
2027,865.2166,,
2028,5131.9937,,
2029,3160.594,,
2030,1546.3805,,
2031,1284.6796,,
2032,5295.6807,,
2033,1977.5656,,
2034,2142.1958,,
2035,1690.0781,,
2036,3468.911,,
2037,876.9978,,
2038,884.5845,,
2039,3393.5566,,
2040,2821.7988,,
2041,3079.9517,,
2042,1749.5011,,
2043,4071.5276,,
2044,1836.313,,
2045,512.21765,,
2046,3322.183,,
2047,3229.1096,,
2048,2500.8228,,
2049,2239.0251,,
2050,2397.4978,,
2051,1140.9186,,
2052,657.741,,
2053,2731.199,,
2054,2906.5623,,
2055,610.5242,,
2056,968.7155,,
2057,538.8254,,
2058,4088.938,,
2059,1016.2122,,
2060,2468.265,,
2061,2706.4258,,
2062,6988.1284,,
2063,994.9734,,
2064,1558.4539,,
2065,852.0671,,
2066,894.38605,,
2067,951.93695,,
2068,1586.7714,,
2069,3333.0894,,
2070,2134.576,,
2071,4200.1406,,
2072,218.14241,,
2073,2298.985,,
2074,1733.515,,
2075,351.4485,,
2076,860.9363,,
2077,5016.7905,,
2078,2596.602,,
2079,1629.8956,,
2080,1632.5822,,
2081,4007.774,,
2082,225.21333,,
2083,311.61023,,
2084,1579.667,,
2085,1823.4333,,
2086,2139.4272,,
2087,574.3322,,
2088,3223.7512,,
2089,1281.9175,,
2090,3249.4487,,
2091,4615.504,,
2092,1991.2759,,
2093,3212.037,,
2094,569.5267,,
2095,1127.6957,,
2096,1962.5126,,
2097,2042.6245,,
2098,2355.805,,
2099,2810.6504,,
2100,1704.8566,,
2101,2256.6704,,
2102,1613.9719,,
2103,2914.8997,,
2104,5136.668,,
2105,2534.442,,
2106,385.18436,,
2107,2727.507,,
2108,3380.765,,
2109,2557.6978,,
2110,1556.017,,
2111,1999.8629,,
2112,531.98615,,
2113,3765.2102,,
2114,696.08514,,
2115,429.01166,,
2116,2052.2114,,
2117,885.6063,,
2118,791.54346,,
2119,2735.5364,,
2120,4410.627,,
2121,2722.4006,,
2122,4985.1543,,
2123,5215.02,,
2124,2788.1306,,
2125,656.9284,,
2126,3209.826,,
2127,2501.596,,
2128,5692.393,,
2129,2563.3552,,
2130,1184.3823,,
2131,135.81541,,
2132,1633.2496,,
2133,3561.1462,,
2134,1113.6868,,
2135,360.0243,,
2136,3490.0154,,
2137,5609.0034,,
2138,1017.1112,,
2139,732.1252,,
2140,4754.2417,,
2141,4240.845,,
2142,3366.2297,,
2143,2411.9595,,
2144,3057.5684,,
2145,2712.7778,,
2146,727.5124,,
2147,2749.8354,,
2148,4113.482,,
2149,2415.0247,,
2150,2215.3052,,
2151,1600.8448,,
2152,1585.0868,,
2153,2091.2305,,
2154,3207.8022,,
2155,1045.6422,,
2156,4782.827,,
2157,2577.1584,,
2158,2046.3815,,
2159,718.82874,,
2160,2492.8542,,
2161,1009.2408,,
2162,472.45325,,
2163,166.46103,,
2164,1301.8232,,
2165,1750.4232,,
2166,1015.61835,,
2167,111.80877,,
2168,1084.745,,
2169,6169.537,,
2170,2437.3098,,
2171,1879.6538,,
2172,2495.5515,,
2173,2644.544,,
2174,1650.0509,,
2175,1349.3723,,
2176,2767.5562,,
2177,2558.11,,
2178,793.0505,,
2179,60.671883,,
2180,423.86966,,
2181,3612.5195,,
2182,3406.2344,,
2183,5720.126,,
2184,1858.9758,,
2185,7790.389,,
2186,180.33885,,
2187,7697.3525,,
2188,2447.3157,,
2189,1698.4125,,
2190,920.56537,,
2191,2868.7532,,
2192,4792.472,,
2193,887.41956,,
2194,1285.0698,,
2195,2796.9675,,
2196,898.37054,,
2197,3682.6707,,
2198,3137.282,,
2199,1910.1116,,
2200,4214.337,,
2201,4018.753,,
2202,2212.798,,
2203,85.03463,,
2204,4143.5703,,
2205,1132.127,,
2206,1487.1263,,
2207,1957.7751,,
2208,6000.988,,
2209,1571.9675,,
2210,1760.037,,
2211,672.68494,,
2212,187.12657,,
2213,718.0199,,
2214,4047.3179,,
2215,2000.5358,,
2216,1651.1669,,
2217,4066.9587,,
2218,2533.4146,,
2219,3424.436,,
2220,611.36505,,
2221,6398.344,,
2222,490.13174,,
2223,3229.2075,,
2224,1730.4149,,
2225,2649.5315,,
2226,2099.4504,,
2227,1737.0748,,
2228,1093.3362,,
2229,1535.4896,,
2230,216.69614,,
2231,6473.24,,
2232,4457.7295,,
2233,911.6742,,
2234,4305.754,,
2235,516.2528,,
2236,3342.7563,,
2237,471.51825,,
2238,4808.827,,
2239,4963.138,,
2240,345.74933,,
2241,3276.7773,,
2242,1116.6301,,
2243,993.2987,,
2244,2260.1812,,
2245,1224.3187,,
2246,3331.231,,
2247,2825.3127,,
2248,3902.4294,,
2249,2428.6074,,
2250,297.81125,,
2251,2563.6057,,
2252,2963.3816,,
2253,2343.089,,
2254,119.71968,,
2255,2815.9739,,
2256,121.980255,,
2257,3492.5818,,
2258,1635.7677,,
2259,3599.351,,
2260,1244.1163,,
2261,692.99054,,
2262,3388.6597,,
2263,2998.8223,,
2264,3052.6946,,
2265,4311.985,,
2266,1564.006,,
2267,6123.3926,,
2268,823.61035,,
2269,744.9859,,
2270,1602.0354,,
2271,3089.6526,,
2272,4942.1475,,
2273,5352.0356,,
2274,1627.0247,,
2275,1604.5271,,
2276,501.83517,,
2277,1348.1434,,
2278,3673.7524,,
2279,2209.525,,
2280,4005.8174,,
2281,1611.2467,,
2282,1604.9651,,
2283,1231.8923,,
2284,2119.759,,
2285,1166.9838,,
2286,4502.837,,
2287,3841.2969,,
2288,2774.3594,,
2289,3128.8315,,
2290,367.2442,,
2291,2881.0254,,
2292,1822.4365,,
2293,1055.3004,,
2294,1010.84143,,
2295,210.42802,,
2296,3001.9456,,
2297,3556.914,,
2298,778.7162,,
2299,2580.7249,,
2300,2608.0276,,
2301,466.19525,,
2302,342.44278,,
2303,2352.6565,,
2304,1985.3601,,
2305,5314.529,,
2306,650.72687,,
2307,1931.4512,,
2308,1307.2621,,
2309,627.5301,,
2310,847.13245,,
2311,1585.0745,,
2312,2906.316,,
2313,4945.4126,,
2314,2533.3723,,
2315,1955.5126,,
2316,3111.3633,,
2317,3425.5564,,
2318,2989.706,,
2319,3391.1536,,
2320,3531.4087,,
2321,966.14374,,
2322,2646.0269,,
2323,2742.8552,,
2324,1788.4266,,
2325,6266.4946,,
2326,3282.8474,,
2327,1914.7739,,
2328,1361.1782,,
2329,3890.27,,
2330,1302.2823,,
2331,1017.246,,
2332,2332.7312,,
2333,2921.1907,,
2334,2261.975,,
2335,2065.983,,
2336,286.53683,,
2337,3459.212,,
2338,4117.587,,
2339,761.4608,,
2340,566.6697,,
2341,1431.0101,,
2342,675.1796,,
2343,4699.385,,
2344,1929.7262,,
2345,595.5045,,
2346,3027.2607,,
2347,3279.0676,,
2348,1287.5184,,
2349,803.6265,,
2350,2306.6619,,
2351,514.1785,,
2352,1274.6094,,
2353,3605.9297,,
2354,3306.541,,
2355,3286.4338,,
2356,105.69732,,
2357,1313.3049,,
2358,1965.9824,,
2359,4032.5007,,
2360,4199.393,,
2361,4975.5156,,
2362,518.80615,,
2363,2932.9653,,
2364,111.84625,,
2365,348.02963,,
2366,6159.8486,,
2367,4364.86,,
2368,1464.3352,,
2369,2886.8823,,
2370,2496.8062,,
2371,716.349,,
2372,2613.8872,,
2373,1613.9662,,
2374,1822.3313,,
2375,1041.1218,,
2376,1188.8278,,
2377,1124.0529,,
2378,1665.5826,,
2379,1968.7668,,
2380,330.33554,,
2381,1825.2632,,
2382,2152.6587,,
2383,3544.9485,,
2384,2267.7563,,
2385,2552.3733,,
2386,249.76619,,
2387,2895.7505,,
2388,1352.1287,,
2389,1108.225,,
2390,712.2024,,
2391,761.33795,,
2392,3641.3433,,
2393,295.5846,,
2394,1122.0947,,
2395,716.8939,,
2396,840.8926,,
2397,1680.0963,,
2398,1453.6501,,
2399,4688.491,,
2400,5027.8384,,
2401,2455.2043,,
2402,1904.393,,
2403,1722.7233,,
2404,391.96384,,
2405,3139.3652,,
2406,3989.5747,,
2407,4401.856,,
2408,320.0628,,
2409,538.64526,,
2410,1364.7012,,
2411,385.47244,,
2412,393.4887,,
2413,2148.364,,
2414,2419.3003,,
2415,3902.8303,,
2416,2658.6602,,
2417,2920.1387,,
2418,1544.7527,,
2419,2762.9634,,
2420,395.9976,,
2421,2025.4358,,
2422,2606.6375,,
2423,5420.9863,,
2424,2528.4607,,
2425,2853.1016,,
2426,3746.08,,
2427,2532.3196,,
2428,2225.549,,
2429,2784.6206,,
2430,1077.2883,,
2431,832.2162,,
2432,4025.3232,,
2433,261.00397,,
2434,2143.9414,,
2435,3602.2927,,
2436,2295.7676,,
2437,2646.1396,,
2438,2321.2905,,
2439,2502.4702,,
2440,4029.2705,,
2441,698.7934,,
2442,4610.0254,,
2443,2796.7063,,
2444,2443.664,,
2445,3078.438,,
2446,2181.2024,,
2447,4414.7544,,
2448,2272.167,,
2449,3368.3025,,
2450,3747.9382,,
2451,3307.1055,,
2452,676.19434,,
2453,1485.418,,
2454,1832.2108,,
2455,69.23785,,
2456,1779.5804,,
2457,3796.559,,
2458,845.30035,,
2459,4276.6445,,
2460,1029.7118,,
2461,1846.1835,,
2462,3284.087,,
2463,4373.9316,,
2464,3005.8994,,
2465,1497.8746,,
2466,868.55273,,
2467,2520.7917,,
2468,1632.5493,,
2469,948.36444,,
2470,894.38605,,
2471,2979.132,,
2472,342.26062,,
2473,2441.7903,,
2474,3331.6868,,
2475,953.5367,,
2476,163.01157,,
2477,1021.5972,,
2478,5670.6343,,
2479,435.1134,,
2480,3384.4648,,
2481,1636.0428,,
2482,1918.8926,,
2483,2333.5881,,
2484,2820.5803,,
2485,617.4195,,
2486,2158.5498,,
2487,2885.284,,
2488,307.01144,,
2489,2670.4753,,
2490,635.1116,,
2491,3323.26,,
2492,1467.0596,,
2493,4943.2407,,
2494,2571.08,,
2495,2460.5261,,
2496,2172.4333,,
2497,3292.3315,,
2498,1655.2386,,
2499,-103.098564,,
2500,899.7248,,
2501,1312.2778,,
2502,1356.5284,,
2503,622.7386,,
2504,77.5251,,
2505,152.40706,,
2506,2623.022,,
2507,1257.4528,,
2508,1984.5195,,
2509,2105.1182,,
2510,2984.5164,,
2511,1485.5723,,
2512,2494.1985,,
2513,3225.2725,,
2514,1989.8126,,
2515,328.89755,,
2516,370.3466,,
2517,1576.5544,,
2518,2099.997,,
2519,1708.9784,,
2520,5355.3774,,
2521,2339.5713,,
2522,19.99815,,
2523,1752.963,,
2524,2867.6462,,
2525,2040.6211,,
2526,3695.44,,
2527,1020.4347,,
2528,2192.6997,,
2529,3565.4727,,
2530,2796.185,,
2531,2643.1565,,
2532,1384.7462,,
2533,4065.2456,,
2534,1241.82,,
2535,2043.8257,,
2536,1150.0552,,
2537,1155.4716,,
2538,3200.5312,,
2539,4544.598,,
2540,1419.5663,,
2541,992.49176,,
2542,3489.125,,
2543,2814.032,,
2544,2339.5215,,
2545,1037.4258,,
2546,2703.4084,,
2547,4035.6855,,
2548,2742.8582,,
2549,3774.9858,,
2550,2954.5415,,
2551,3794.9104,,
2552,3245.7896,,
2553,3751.264,,
2554,659.8072,,
2555,4135.862,,
2556,3314.8335,,
2557,1529.9424,,
2558,1499.2588,,
2559,3548.4946,,
2560,1942.2737,,
2561,193.29428,,
2562,3897.9822,,
2563,1625.9598,,
2564,2803.3618,,
2565,1969.3335,,
2566,450.86282,,
2567,5170.2397,,
2568,142.07262,,
2569,1486.9257,,
2570,2318.1523,,
2571,1808.835,,
2572,1475.6754,,
2573,1554.4277,,
2574,2479.4163,,
2575,707.4575,,
2576,2455.7097,,
2577,3263.2837,,
2578,4360.0713,,
2579,2473.5217,,
2580,1544.9712,,
2581,2602.1074,,
2582,732.6703,,
2583,1228.6011,,
2584,478.50586,,
2585,2356.671,,
2586,6395.7104,,
2587,4077.5723,,
2588,4437.409,,
2589,4405.0615,,
2590,2481.888,,
2591,1317.1488,,
2592,1213.2716,,
2593,1563.2379,,
2594,2716.9143,,
2595,1297.3676,,
2596,2130.7085,,
2597,371.34515,,
2598,1449.011,,
2599,2393.67,,
2600,410.85294,,
2601,1781.0052,,
2602,1804.5692,,
2603,2295.2334,,
2604,2385.5867,,
2605,238.23846,,
2606,2121.122,,
2607,2934.309,,
2608,1900.7686,,
2609,82.51797,,
2610,676.79205,,
2611,1814.0638,,
2612,3751.552,,
2613,1455.93,,
2614,1592.8893,,
2615,2134.7585,,
2616,1516.3424,,
2617,3724.6533,,
2618,3113.7712,,
2619,2015.994,,
2620,3094.3552,,
2621,323.79855,,
2622,312.39413,,
2623,3881.6602,,
2624,3689.2844,,
2625,216.69614,,
2626,377.6503,,
2627,2185.3237,,
2628,614.2065,,
2629,1182.8043,,
2630,1984.5171,,
2631,4184.981,,
2632,1175.5342,,
2633,1756.5737,,
2634,10411.27,,
2635,1612.4625,,
2636,4493.5757,,
2637,1611.2556,,
2638,649.785,,
2639,2224.8801,,
2640,2554.7244,,
2641,263.31204,,
2642,1624.4924,,
2643,2204.5566,,
2644,2609.5454,,
2645,1288.949,,
2646,2738.6147,,
2647,1367.9794,,
2648,359.56552,,
2649,5506.282,,
2650,500.80023,,
2651,2795.7332,,
2652,68.53758,,
2653,2371.3904,,
2654,5357.971,,
2655,2054.9631,,
2656,1767.6647,,
2657,3238.2249,,
2658,2455.4082,,
2659,1820.9125,,
2660,1334.3429,,
2661,3602.3596,,
2662,1323.9382,,
2663,837.7267,,
2664,937.06714,,
2665,2108.4072,,
2666,4846.068,,
2667,2036.4507,,
2668,1854.3202,,
2669,3749.9631,,
2670,2905.2192,,
2671,2232.7393,,
2672,1012.90234,,
2673,1695.7787,,
2674,1230.7823,,
2675,2693.145,,
2676,1382.7682,,
2677,327.6648,,
2678,2252.618,,
2679,2236.0635,,
2680,639.0299,,
2681,1343.788,,
2682,2990.4312,,
2683,1799.922,,
2684,3407.8547,,
2685,1887.13,,
2686,1740.4519,,
2687,812.90375,,
2688,1738.8706,,
2689,1269.8864,,
2690,3291.9944,,
2691,1028.9277,,
2692,1502.963,,
2693,3653.5037,,
2694,149.49893,,
2695,2734.5056,,
2696,2285.7947,,
2697,2063.266,,
2698,7021.5605,,
2699,3192.5042,,
2700,1848.0862,,
2701,3041.1414,,
2702,2969.0183,,
2703,1954.3872,,
2704,2727.0647,,
2705,820.38983,,
2706,2584.1711,,
2707,2796.4663,,
2708,1496.2993,,
2709,1673.4642,,
2710,3169.1633,,
2711,4326.9233,,
2712,237.20201,,
2713,2749.0557,,
2714,3402.6965,,
2715,2598.5637,,
2716,2056.3135,,
2717,762.0928,,
2718,1765.7041,,
2719,1670.1903,,
2720,875.8363,,
2721,222.25256,,
2722,4547.708,,
2723,2176.108,,
2724,2709.5232,,
2725,2525.68,,
2726,1612.0894,,
2727,152.40706,,
2728,2513.959,,
2729,720.6624,,
2730,3944.8374,,
2731,1943.4916,,
2732,1728.7394,,
2733,2456.688,,
2734,2969.0059,,
2735,1176.6995,,
2736,2934.5042,,
2737,2483.8691,,
2738,992.167,,
2739,1436.1046,,
2740,759.73883,,
2741,4390.0547,,
2742,2295.5103,,
2743,2330.7476,,
2744,2390.8672,,
2745,1756.871,,
2746,2853.646,,
2747,3347.2146,,
2748,569.1115,,
2749,2104.1665,,
2750,1768.0931,,
2751,77.205956,,
2752,2453.667,,
2753,2855.75,,
2754,904.71436,,
2755,2550.66,,
2756,1304.1206,,
2757,1964.1906,,
2758,3070.2688,,
2759,3123.8062,,
2760,218.6896,,
2761,4228.185,,
2762,3482.5046,,
2763,3607.4885,,
2764,445.9913,,
2765,989.5613,,
2766,2556.77,,
2767,1853.0637,,
2768,1544.7427,,
2769,1238.8165,,
2770,4304.341,,
2771,55.47996,,
2772,2812.1638,,
2773,1724.2616,,
2774,2764.7607,,
2775,2695.1436,,
2776,913.2108,,
2777,2486.8806,,
2778,497.15714,,
2779,362.32944,,
2780,2939.8684,,
2781,4882.652,,
2782,1564.3021,,
2783,3129.171,,
2784,2137.3293,,
2785,4096.9194,,
2786,2927.678,,
2787,5683.9194,,
2788,239.03378,,
2789,1672.8584,,
2790,1783.909,,
2791,3132.6072,,
2792,933.0772,,
2793,5244.5283,,
2794,2564.041,,
2795,155.51755,,
2796,1242.0564,,
2797,1542.704,,
2798,117.43173,,
2799,140.77608,,
2800,1702.4374,,
2801,4371.7695,,
2802,3504.637,,
2803,2573.0186,,
2804,2938.6006,,
2805,3011.9934,,
2806,3185.7727,,
2807,255.36363,,
2808,1308.0305,,
2809,4327.7017,,
2810,2570.1582,,
2811,1723.5321,,
2812,3100.498,,
2813,590.4149,,
2814,2789.2437,,
2815,1284.3544,,
2816,2244.8462,,
2817,3182.4485,,
2818,754.2564,,
2819,154.45113,,
2820,1394.0333,,
2821,3695.2053,,
2822,2410.3015,,
2823,287.2373,,
2824,2969.159,,
2825,3892.1687,,
2826,4196.372,,
2827,402.5613,,
2828,2739.004,,
2829,290.90683,,
2830,42.127754,,
2831,2650.4565,,
2832,2687.8281,,
2833,1517.1469,,
2834,2382.762,,
2835,4852.6313,,
2836,316.5107,,
2837,583.24005,,
2838,4408.634,,
2839,1254.8158,,
2840,2592.1428,,
2841,658.9048,,
2842,3566.995,,
2843,352.09653,,
2844,2614.044,,
2845,1567.4791,,
2846,578.2623,,
2847,2437.5605,,
2848,-139.40355,,
2849,763.6614,,
2850,494.19797,,
2851,159.44109,,
2852,3297.7744,,
2853,5195.1333,,
2854,3136.7092,,
2855,720.29047,,
2856,1768.1667,,
2857,3131.8435,,
2858,679.36444,,
2859,2203.129,,
2860,2135.7976,,
2861,3006.7898,,
2862,262.15692,,
2863,1526.0903,,
2864,1897.7269,,
2865,373.40234,,
2866,969.31714,,
2867,1761.4395,,
2868,4330.052,,
2869,5564.5137,,
2870,1188.7473,,
2871,157.43884,,
2872,880.98596,,
2873,3236.1765,,
2874,670.1309,,
2875,3260.9272,,
2876,3191.6614,,
2877,3300.5728,,
2878,2720.3127,,
2879,1767.5424,,
2880,905.87585,,
2881,1727.5096,,
2882,3359.6538,,
2883,5212.222,,
2884,2850.1226,,
2885,731.01996,,
2886,2975.775,,
2887,1914.2996,,
2888,3089.9944,,
2889,2239.755,,
2890,3843.9604,,
2891,872.3444,,
2892,3622.0037,,
2893,1007.8393,,
2894,682.44104,,
2895,1963.8989,,
2896,757.86,,
2897,259.97177,,
2898,472.25104,,
2899,2022.761,,
2900,2603.4712,,
2901,894.7786,,
2902,3190.398,,
2903,3162.2036,,
2904,4293.857,,
2905,196.99886,,
2906,1390.7163,,
2907,2668.6614,,
2908,2384.7263,,
2909,1211.7998,,
2910,323.17624,,
2911,4604.629,,
2912,2458.8315,,
2913,1050.9097,,
2914,5259.8135,,
2915,3291.7017,,
2916,192.78108,,
2917,1002.9595,,
2918,654.79407,,
2919,2871.2407,,
2920,2901.462,,
2921,134.42465,,
2922,3778.2986,,
2923,41.553917,,
2924,3652.471,,
2925,2992.5254,,
2926,590.3883,,
2927,3531.5098,,
2928,-66.399704,,
2929,593.44147,,
2930,4597.2134,,
2931,2242.644,,
2932,760.46405,,
2933,1917.6566,,
2934,3477.102,,
2935,1859.6055,,
2936,4512.698,,
2937,3075.9385,,
2938,1575.1318,,
2939,1250.5709,,
2940,1854.6654,,
2941,1890.9734,,
2942,2575.5427,,
2943,2386.5596,,
2944,4339.054,,
2945,1504.2578,,
2946,1459.1016,,
2947,3375.4448,,
2948,1322.199,,
2949,861.35223,,
2950,2343.5066,,
2951,2685.9004,,
2952,3445.7253,,
2953,1425.8945,,
2954,2496.5525,,
2955,3474.6252,,
2956,1073.7372,,
2957,571.8153,,
2958,2735.8,,
2959,976.6374,,
2960,2552.257,,
2961,1352.103,,
2962,1954.7179,,
2963,1359.2803,,
2964,833.1381,,
2965,2017.46,,
2966,2636.0764,,
2967,3559.6626,,
2968,670.7011,,
2969,1163.8589,,
2970,3059.7268,,
2971,4222.1313,,
2972,3914.0864,,
2973,4940.678,,
2974,238.4816,,
2975,1683.2834,,
2976,929.0735,,
2977,4695.41,,
2978,4235.956,,
2979,118.81952,,
2980,2552.7988,,
2981,2988.2708,,
2982,178.65982,,
2983,95.82558,,
2984,615.4705,,
2985,2072.5122,,
2986,3877.379,,
2987,3228.4614,,
2988,3688.264,,
2989,157.62737,,
2990,3277.8933,,
2991,595.10004,,
2992,535.5931,,
2993,2633.6462,,
2994,813.02893,,
2995,2910.9868,,
2996,2524.102,,
2997,2835.7576,,
2998,2028.4547,,
2999,4039.754,,
3000,1269.2402,,
3001,4623.193,,
3002,2043.4742,,
3003,3825.0688,,
3004,3210.9468,,
3005,2328.1917,,
3006,2051.7349,,
3007,2672.7053,,
3008,3605.0164,,
3009,4293.862,,
3010,6173.8667,,
3011,1784.398,,
3012,1878.4381,,
3013,5781.7515,,
3014,2228.9744,,
3015,365.39923,,
3016,3142.7085,,
3017,617.17706,,
3018,3781.1226,,
3019,2579.7686,,
3020,4260.806,,
3021,2500.3542,,
3022,1925.1852,,
3023,558.1677,,
3024,2742.34,,
3025,2921.7925,,
3026,4478.9375,,
3027,180.93243,,
3028,432.80325,,
3029,1621.625,,
3030,1327.4117,,
3031,108.3491,,
3032,1873.8972,,
3033,2743.4624,,
3034,707.704,,
3035,1779.1324,,
3036,1219.3884,,
3037,2693.7427,,
3038,1172.93,,
3039,1656.8381,,
3040,2174.3467,,
3041,824.1553,,
3042,2016.8159,,
3043,2642.7708,,
3044,3469.923,,
3045,2837.715,,
3046,2586.566,,
3047,126.34488,,
3048,3875.9946,,
3049,1355.3684,,
3050,1944.3235,,
3051,853.8446,,
3052,2603.1772,,
3053,1609.8713,,
3054,1717.7842,,
3055,1367.0917,,
3056,3703.9976,,
3057,9825.184,,
3058,1030.0492,,
3059,2183.4758,,
3060,56.949467,,
3061,3808.5713,,
3062,625.9574,,
3063,1816.1866,,
3064,351.33188,,
3065,2625.4487,,
3066,670.9551,,
3067,217.93207,,
3068,1445.6854,,
3069,911.873,,
3070,1288.6488,,
3071,1225.1603,,
3072,905.69885,,
3073,575.0349,,
3074,745.6773,,
3075,4017.6707,,
3076,5056.5874,,
3077,5093.9424,,
3078,655.6203,,
3079,1357.4958,,
3080,2639.5261,,
3081,2343.7368,,
3082,5135.2207,,
3083,437.7504,,
3084,1800.9436,,
3085,68.155106,,
3086,2292.3728,,
3087,366.02283,,
3088,5927.163,,
3089,1604.6338,,
3090,2221.9443,,
3091,1122.6615,,
3092,2611.3772,,
3093,2872.2556,,
3094,1880.799,,
3095,2311.0615,,
3096,264.00125,,
3097,2977.5295,,
3098,3604.4048,,
3099,2787.7153,,
3100,2937.6238,,
3101,1986.3739,,
3102,2200.9153,,
3103,3330.086,,
3104,2046.1782,,
3105,2716.222,,
3106,2129.9749,,
3107,858.9663,,
3108,2904.57,,
3109,329.588,,
3110,-70.35341,,
3111,269.84247,,
3112,1098.6318,,
3113,2572.8684,,
3114,4207.1816,,
3115,1246.5211,,
3116,4066.879,,
3117,506.4647,,
3118,3346.6628,,
3119,745.36163,,
3120,2969.218,,
3121,5428.2896,,
3122,939.5484,,
3123,4036.2312,,
3124,1364.8882,,
3125,182.79794,,
3126,2467.9202,,
3127,3251.6272,,
3128,2874.349,,
3129,2200.5225,,
3130,2099.7576,,
3131,4636.168,,
3132,4106.3154,,
3133,2214.493,,
3134,2416.77,,
3135,3003.6028,,
3136,2694.608,,
3137,1138.6885,,
3138,4311.338,,
3139,1288.2769,,
3140,3796.8308,,
3141,7774.885,,
3142,3211.368,,
3143,676.7758,,
3144,4701.0537,,
3145,1047.8638,,
3146,3431.693,,
3147,1438.7695,,
3148,4246.77,,
3149,217.85745,,
3150,2345.056,,
3151,794.47485,,
3152,119.11151,,
3153,2811.814,,
3154,1297.22,,
3155,333.62848,,
3156,4921.8467,,
3157,3986.0024,,
3158,1808.7351,,
3159,-71.48991,,
3160,6626.9375,,
3161,2258.9062,,
3162,4743.5903,,
3163,243.76276,,
3164,3558.487,,
3165,698.6369,,
3166,2747.6497,,
3167,425.9648,,
3168,5613.4844,,
3169,3433.206,,
3170,4072.9854,,
3171,1287.6244,,
3172,3894.2327,,
3173,1282.8561,,
3174,847.2058,,
3175,2399.713,,
3176,1901.128,,
3177,1895.9719,,
3178,3979.709,,
3179,3791.7002,,
3180,2205.8003,,
3181,1366.036,,
3182,499.78583,,
3183,924.02985,,
3184,5820.453,,
3185,3110.2886,,
3186,763.95374,,
3187,2292.8772,,
3188,3743.53,,
3189,1852.5171,,
3190,2970.5156,,
3191,1735.4169,,
3192,1841.6167,,
3193,2182.2124,,
3194,3127.073,,
3195,961.31006,,
3196,1602.163,,
3197,2499.9705,,
3198,1784.4037,,
3199,2174.1985,,
3200,1454.65,,
3201,1968.1818,,
3202,2315.2861,,
3203,2389.5615,,
3204,2026.5803,,
3205,364.74835,,
3206,-19.828337,,
3207,93.59291,,
3208,258.7554,,
3209,414.2953,,
3210,2325.6372,,
3211,3393.1426,,
3212,1263.2732,,
3213,950.6707,,
3214,1633.3512,,
3215,2248.4778,,
3216,2570.7424,,
3217,2261.908,,
3218,1596.3728,,
3219,3811.364,,
3220,1781.7715,,
3221,570.49426,,
3222,258.64694,,
3223,460.7019,,
3224,3804.021,,
3225,1159.2155,,
3226,1574.2233,,
3227,2238.0193,,
3228,2067.863,,
3229,2678.0974,,
3230,1022.3523,,
3231,79.36775,,
3232,2826.5166,,
3233,5149.212,,
3234,3155.3528,,
3235,5179.6406,,
3236,415.28876,,
3237,2561.488,,
3238,2450.4863,,
3239,321.6097,,
3240,2400.2698,,
3241,479.56442,,
3242,1191.7183,,
3243,6271.9287,,
3244,3226.3215,,
3245,450.32465,,
3246,2500.4338,,
3247,3941.538,,
3248,1328.8801,,
3249,2263.8994,,
3250,2625.9272,,
3251,2054.4307,,
3252,2352.019,,
3253,591.59247,,
3254,2295.0527,,
3255,2122.5981,,
3256,1957.2319,,
3257,175.41518,,
3258,2807.4473,,
3259,2413.4836,,
3260,1669.0204,,
3261,2305.2422,,
3262,1185.6084,,
3263,1115.4753,,
3264,290.49786,,
3265,844.6352,,
3266,1179.6215,,
3267,364.3012,,
3268,2305.8162,,
3269,915.3612,,
3270,2386.7576,,
3271,606.1397,,
3272,574.52106,,
3273,2729.219,,
3274,4263.05,,
3275,2781.3481,,
3276,2735.3728,,
3277,2495.5742,,
3278,3781.068,,
3279,2721.3442,,
3280,312.52313,,
3281,601.22504,,
3282,89.05998,,
3283,4071.2288,,
3284,2990.8147,,
3285,1976.9265,,
3286,2218.67,,
3287,2629.2825,,
3288,3886.5454,,
3289,2709.2761,,
3290,2423.0586,,
3291,3118.62,,
3292,273.73734,,
3293,3508.4404,,
3294,269.88583,,
3295,3038.0762,,
3296,4998.336,,
3297,1946.0426,,
3298,961.8217,,
3299,2151.2034,,
3300,938.9266,,
3301,1626.2922,,
3302,2673.9604,,
3303,2482.6868,,
3304,3935.289,,
3305,3033.237,,
3306,2166.9111,,
3307,2714.2007,,
3308,1715.9006,,
3309,3047.4243,,
3310,2006.3116,,
3311,3522.619,,
3312,6350.2964,,
3313,238.81143,,
3314,3612.5615,,
3315,731.49426,,
3316,1096.8193,,
3317,1871.8854,,
3318,1317.2786,,
3319,531.629,,
3320,3961.4978,,
3321,3011.8623,,
3322,2441.6235,,
3323,5797.392,,
3324,2009.264,,
3325,443.65372,,
3326,3630.9153,,
3327,2852.354,,
3328,5050.45,,
3329,4057.3906,,
3330,3211.918,,
3331,2362.7,,
3332,5834.2134,,
3333,5088.8467,,
3334,1400.4159,,
3335,2284.5833,,
3336,1125.7927,,
3337,820.9109,,
3338,1947.2753,,
3339,402.9933,,
3340,142.23029,,
3341,3033.2844,,
3342,1510.0175,,
3343,2635.4346,,
3344,1645.2915,,
3345,3428.6426,,
3346,181.33405,,
3347,4680.623,,
3348,4912.544,,
3349,115.37869,,
3350,1193.0408,,
3351,337.73636,,
3352,4816.7,,
3353,5147.1094,,
3354,597.2044,,
3355,3228.1355,,
3356,872.081,,
3357,2004.1573,,
3358,3410.1204,,
3359,911.19696,,
3360,386.95795,,
3361,2571.938,,
3362,1209.2509,,
3363,1728.3352,,
3364,189.28084,,
3365,819.9231,,
3366,4777.061,,
3367,3071.4941,,
3368,1631.4644,,
3369,872.366,,
3370,1659.6368,,
3371,833.51416,,
3372,828.8484,,
3373,1384.769,,
3374,6026.323,,
3375,2709.2034,,
3376,1854.8994,,
3377,2667.1833,,
3378,242.09132,,
3379,1644.3707,,
3380,4639.4224,,
3381,2386.7563,,
3382,914.929,,
3383,10.332558,,
3384,2988.639,,
3385,1967.9253,,
3386,2458.5605,,
3387,4819.8335,,
3388,3299.2615,,
3389,2037.7976,,
3390,681.4615,,
3391,1390.6431,,
3392,4109.042,,
3393,1945.248,,
3394,2505.1536,,
3395,1191.9445,,
3396,1541.9834,,
3397,2758.7974,,
3398,2917.543,,
3399,5644.9644,,
3400,169.57655,,
3401,714.6581,,
3402,1618.1566,,
3403,1235.306,,
3404,2504.2332,,
3405,4418.436,,
3406,1598.864,,
3407,1736.2421,,
3408,2019.1097,,
3409,2910.7288,,
3410,1862.1667,,
3411,6242.929,,
3412,3838.7407,,
3413,1624.9517,,
3414,3787.2483,,
3415,2277.3198,,
3416,1740.4951,,
3417,2783.7712,,
3418,1424.4196,,
3419,1021.4584,,
3420,3072.5298,,
3421,783.2535,,
3422,1166.0361,,
3423,1721.5126,,
3424,2879.9006,,
3425,4036.4587,,
3426,3538.576,,
3427,935.40594,,
3428,2145.942,,
3429,2907.3098,,
3430,1557.7333,,
3431,3002.0662,,
3432,1562.6189,,
3433,1302.8339,,
3434,112.10815,,
3435,1502.6511,,
3436,1614.5145,,
3437,5304.812,,
3438,815.47455,,
3439,3632.8743,,
3440,3956.8035,,
3441,1669.5461,,
3442,945.1047,,
3443,2058.3894,,
3444,2733.7666,,
3445,2302.5205,,
3446,1689.1333,,
3447,1854.5284,,
3448,808.51306,,
3449,3422.9248,,
3450,2222.9126,,
3451,1509.5581,,
3452,5417.4766,,
3453,2162.4543,,
3454,3350.744,,
3455,2395.193,,
3456,2322.1277,,
3457,3512.4214,,
3458,1812.4215,,
3459,4893.458,,
3460,825.4852,,
3461,2251.6772,,
3462,88.99959,,
3463,4621.7437,,
3464,2576.3857,,
3465,700.26697,,
3466,3352.3022,,
3467,1046.8135,,
3468,253.25024,,
3469,2593.793,,
3470,1440.7252,,
3471,1976.4514,,
3472,3228.718,,
3473,159.38106,,
3474,1561.4877,,
3475,2834.3252,,
3476,1606.2468,,
3477,2801.37,,
3478,1432.8217,,
3479,2313.4094,,
3480,599.9235,,
3481,885.8384,,
3482,6619.4473,,
3483,1851.3696,,
3484,1282.6453,,
3485,2311.8718,,
3486,2936.6562,,
3487,1068.7456,,
3488,74.315895,,
3489,2636.6511,,
3490,305.37625,,
3491,3765.8257,,
3492,1860.8214,,
3493,1942.324,,
3494,746.82446,,
3495,2288.0469,,
3496,4642.576,,
3497,887.11255,,
3498,3083.401,,
3499,1779.0568,,
3500,4637.204,,
3501,1305.2742,,
3502,595.4334,,
3503,2252.24,,
3504,1114.2637,,
3505,2499.4595,,
3506,2729.8855,,
3507,3977.2153,,
3508,2252.1606,,
3509,2635.7703,,
3510,1015.93726,,
3511,3105.6519,,
3512,1272.2415,,
3513,3068.5957,,
3514,457.54608,,
3515,122.76791,,
3516,1353.9718,,
3517,5030.883,,
3518,3485.6514,,
3519,4178.631,,
3520,3002.364,,
3521,2407.2397,,
3522,3066.36,,
3523,3157.2036,,
3524,3246.134,,
3525,4073.2422,,
3526,4449.9043,,
3527,1949.3804,,
3528,2198.236,,
3529,3762.8882,,
3530,2275.7136,,
3531,3463.9775,,
3532,1429.3352,,
3533,3979.296,,
3534,4218.244,,
3535,3618.7732,,
3536,253.31534,,
3537,5228.803,,
3538,887.66626,,
3539,3057.3115,,
3540,3266.977,,
3541,598.81604,,
3542,1572.9807,,
3543,2320.1006,,
3544,974.27673,,
3545,2306.5208,,
3546,2101.3823,,
3547,2557.0579,,
3548,1547.3427,,
3549,1399.7064,,
3550,2446.391,,
3551,2823.8835,,
3552,2388.8796,,
3553,564.8486,,
3554,1259.1383,,
3555,506.59793,,
3556,2952.0132,,
3557,328.58835,,
3558,470.9285,,
3559,3532.3,,
3560,4781.685,,
3561,1367.2203,,
3562,4070.2534,,
3563,1194.3318,,
3564,2782.1975,,
3565,1518.8208,,
3566,-27.409739,,
3567,1995.748,,
3568,1297.5194,,
3569,4819.0483,,
3570,545.9139,,
3571,2153.6143,,
3572,3216.4768,,
3573,3289.3381,,
3574,2774.2048,,
3575,210.39862,,
3576,5532.2173,,
3577,3006.6152,,
3578,2459.7686,,
3579,1319.4484,,
3580,1854.8505,,
3581,3433.4998,,
3582,5173.2793,,
3583,3734.0884,,
3584,1787.9741,,
3585,2696.7666,,
3586,882.1288,,
3587,2013.0597,,
3588,2296.6348,,
3589,3831.1287,,
3590,1077.0875,,
3591,3177.11,,
3592,1079.8262,,
3593,1932.6333,,
3594,1229.5336,,
3595,1689.8108,,
3596,92.366035,,
3597,3176.3196,,
3598,2879.2832,,
3599,1882.8644,,
3600,753.74384,,
3601,2036.6312,,
3602,2017.8186,,
3603,1595.7911,,
3604,68.155106,,
3605,2974.9326,,
3606,1702.0348,,
3607,799.6596,,
3608,440.28995,,
3609,3143.785,,
3610,2008.0017,,
3611,3934.3728,,
3612,2012.3622,,
3613,691.2063,,
3614,1104.0537,,
3615,1776.2489,,
3616,3812.508,,
3617,1537.679,,
3618,1241.8723,,
3619,4851.0195,,
3620,6397.527,,
3621,1175.264,,
3622,3881.4666,,
3623,2580.1438,,
3624,3424.6702,,
3625,1448.3992,,
3626,2417.0042,,
3627,2149.337,,
3628,589.6984,,
3629,4177.289,,
3630,2109.1719,,
3631,2420.9138,,
3632,181.73233,,
3633,3763.122,,
3634,2361.5925,,
3635,337.72977,,
3636,3823.0308,,
3637,3160.5469,,
3638,287.4568,,
3639,2142.0095,,
3640,4605.548,,
3641,607.7178,,
3642,838.0056,,
3643,1676.3794,,
3644,5330.0225,,
3645,1526.7834,,
3646,693.4307,,
3647,2434.6248,,
3648,1180.0562,,
3649,2762.1382,,
3650,1851.4946,,
3651,3454.3452,,
3652,3342.2273,,
3653,3009.9514,,
3654,2187.7441,,
3655,2457.426,,
3656,2555.1948,,
3657,786.2716,,
3658,1980.9768,,
3659,1520.0944,,
3660,4207.245,,
3661,6682.119,,
3662,3157.3142,,
3663,2397.0005,,
3664,314.5351,,
3665,3182.67,,
3666,2794.8997,,
3667,229.54048,,
3668,425.0769,,
3669,862.9508,,
3670,530.60046,,
3671,217.63153,,
3672,2963.44,,
3673,2671.0806,,
3674,2563.411,,
3675,5617.355,,
3676,1261.9288,,
3677,1694.9429,,
3678,1758.6926,,
3679,95.455475,,
3680,2806.4565,,
3681,2661.2544,,
3682,1830.7155,,
3683,270.00116,,
3684,1238.9146,,
3685,4288.4785,,
3686,1633.3035,,
3687,4035.0923,,
3688,2229.9536,,
3689,2969.4275,,
3690,2670.0413,,
3691,3166.8162,,
3692,4644.2583,,
3693,1244.9412,,
3694,2651.856,,
3695,1194.907,,
3696,825.33496,,
3697,2754.0522,,
3698,4151.0596,,
3699,1037.8646,,
3700,2689.4255,,
3701,1676.2115,,
3702,5380.4185,,
3703,158.50883,,
3704,3025.1028,,
3705,815.47876,,
3706,2180.1384,,
3707,1479.3994,,
3708,1293.5468,,
3709,2006.8319,,
3710,1996.4053,,
3711,1981.6089,,
3712,1634.2809,,
3713,3189.5894,,
3714,2744.032,,
3715,3283.045,,
3716,1499.5691,,
3717,4421.489,,
3718,2745.5435,,
3719,4959.5444,,
3720,892.2483,,
3721,3308.9033,,
3722,2041.0403,,
3723,2155.3625,,
3724,691.0924,,
3725,2213.4841,,
3726,2179.4958,,
3727,2928.3325,,
3728,676.6051,,
3729,1899.7307,,
3730,2880.6926,,
3731,1821.6765,,
3732,1261.1335,,
3733,2832.3696,,
3734,94.7292,,
3735,791.32135,,
3736,3023.3281,,
3737,3379.563,,
3738,3119.1165,,
3739,3066.9658,,
3740,1211.8525,,
3741,274.5952,,
3742,1075.5209,,
3743,4078.4404,,
3744,3885.955,,
3745,2113.7427,,
3746,348.833,,
3747,2015.3239,,
3748,1485.3008,,
3749,2834.1394,,
3750,273.99817,,
3751,3254.2288,,
3752,3589.3987,,
3753,1959.4856,,
3754,2617.7905,,
3755,2026.7916,,
3756,643.1962,,
3757,2697.5515,,
3758,2259.9038,,
3759,1549.223,,
3760,2527.4824,,
3761,4204.6973,,
3762,1667.2109,,
3763,2752.1982,,
3764,2478.6094,,
3765,494.0563,,
3766,1835.0565,,
3767,4218.3965,,
3768,1346.0835,,
3769,160.98326,,
3770,1767.9807,,
3771,2702.4658,,
3772,681.51917,,
3773,3569.5347,,
3774,2523.1216,,
3775,740.61194,,
3776,3534.2847,,
3777,815.1001,,
3778,2304.8591,,
3779,1023.04425,,
3780,932.6656,,
3781,1849.8883,,
3782,717.8064,,
3783,2687.4316,,
3784,616.3751,,
3785,1979.1718,,
3786,1647.1652,,
3787,685.43616,,
3788,3791.339,,
3789,1523.2168,,
3790,1948.7916,,
3791,1232.782,,
3792,747.22205,,
3793,601.4738,,
3794,4278.6064,,
3795,2748.1172,,
3796,4913.0356,,
3797,6553.5996,,
3798,5061.95,,
3799,4652.841,,
3800,1258.3031,,
3801,3171.7998,,
3802,1511.3912,,
3803,2190.9739,,
3804,480.77866,,
3805,4194.822,,
3806,839.6335,,
3807,3117.1367,,
3808,4572.8643,,
3809,2231.1125,,
3810,-208.91025,,
3811,1623.7368,,
3812,3209.9092,,
3813,352.5669,,
3814,1288.3693,,
3815,943.0069,,
3816,2137.7703,,
3817,2886.4478,,
3818,3212.6914,,
3819,2643.4863,,
3820,2564.6118,,
3821,3062.4177,,
3822,1584.0585,,
3823,2392.6318,,
3824,3068.0713,,
3825,683.53906,,
3826,2187.154,,
3827,847.779,,
3828,2773.3333,,
3829,3391.5913,,
3830,4887.13,,
3831,2175.3938,,
3832,5882.811,,
3833,2444.9468,,
3834,1273.974,,
3835,6379.6333,,
3836,1961.1511,,
3837,672.39154,,
3838,1376.407,,
3839,1512.2158,,
3840,3135.7996,,
3841,3058.4824,,
3842,402.05545,,
3843,2283.6685,,
3844,4414.6797,,
3845,668.29626,,
3846,3140.883,,
3847,127.724014,,
3848,161.60005,,
3849,1180.2876,,
3850,5024.201,,
3851,2178.1523,,
3852,1485.4805,,
3853,1184.3547,,
3854,2594.8848,,
3855,393.62268,,
3856,1240.9167,,
3857,2967.4358,,
3858,3282.1838,,
3859,4041.4111,,
3860,831.44586,,
3861,1819.9209,,
3862,442.08707,,
3863,6543.426,,
3864,1398.0266,,
3865,326.56546,,
3866,586.6155,,
3867,2951.326,,
3868,1703.056,,
3869,3735.8113,,
3870,395.45605,,
3871,3511.7212,,
3872,2000.4447,,
3873,2464.2598,,
3874,1737.9753,,
3875,378.5222,,
3876,2197.0828,,
3877,858.5461,,
3878,11.477955,,
3879,1960.0155,,
3880,3171.404,,
3881,2204.064,,
3882,344.24142,,
3883,2628.5356,,
3884,2814.1682,,
3885,2475.408,,
3886,1166.0842,,
3887,558.7658,,
3888,5701.919,,
3889,2671.0945,,
3890,2651.8652,,
3891,4144.8423,,
3892,670.6741,,
3893,152.39967,,
3894,2950.4192,,
3895,655.3151,,
3896,1736.1666,,
3897,1804.2809,,
3898,629.18854,,
3899,2905.9932,,
3900,1002.0691,,
3901,772.9688,,
3902,1246.2411,,
3903,1828.7622,,
3904,776.3159,,
3905,7264.8213,,
3906,848.0494,,
3907,3572.756,,
3908,148.40955,,
3909,753.7863,,
3910,2337.2385,,
3911,1250.2899,,
3912,3460.3645,,
3913,1136.6044,,
3914,2113.4634,,
3915,5282.878,,
3916,1437.1504,,
3917,3721.7231,,
3918,3351.8074,,
3919,1709.9849,,
3920,1821.8435,,
3921,2502.2563,,
3922,5562.418,,
3923,2667.0217,,
3924,1470.1309,,
3925,2514.1697,,
3926,1975.0581,,
3927,1850.7227,,
3928,400.6404,,
3929,2321.8018,,
3930,2156.458,,
3931,623.3009,,
3932,2596.8335,,
3933,2543.039,,
3934,1848.6788,,
3935,2172.802,,
3936,1920.035,,
3937,945.32764,,
3938,996.3373,,
3939,54.364326,,
3940,1412.5211,,
3941,2799.6292,,
3942,2148.9084,,
3943,1047.4592,,
3944,767.54846,,
3945,1744.0692,,
3946,820.6258,,
3947,1221.7743,,
3948,1270.3561,,
3949,3897.392,,
3950,1665.55,,
3951,1915.1729,,
3952,744.96844,,
3953,1347.3705,,
3954,2028.7507,,
3955,3430.1973,,
3956,1633.0446,,
3957,3741.0747,,
3958,3820.332,,
3959,532.18396,,
3960,922.86774,,
3961,2405.3667,,
3962,4357.2207,,
3963,3129.5552,,
3964,2316.7751,,
3965,891.9777,,
3966,4071.227,,
3967,5532.466,,
3968,3244.4724,,
3969,2873.7527,,
3970,182.6391,,
3971,2708.186,,
3972,4406.444,,
3973,2397.314,,
3974,3900.3699,,
3975,3131.006,,
3976,2868.0608,,
3977,787.63666,,
3978,2013.1344,,
3979,707.3423,,
3980,1551.188,,
3981,1259.0789,,
3982,3737.8684,,
3983,363.80396,,
3984,2410.117,,
3985,3711.8408,,
3986,3617.5144,,
3987,1064.5144,,
3988,1157.5559,,
3989,1817.6553,,
3990,732.2211,,
3991,5658.9023,,
3992,773.1186,,
3993,4310.33,,
3994,406.05096,,
3995,2568.236,,
3996,1768.319,,
3997,2016.1012,,
3998,4055.5146,,
3999,1157.3339,,
4000,549.31757,,
4001,898.41534,,
4002,1843.8213,,
4003,623.7239,,
4004,4504.9604,,
4005,1566.655,,
4006,1858.0204,,
4007,4776.1167,,
4008,540.481,,
4009,1666.2534,,
4010,53.27996,,
4011,2641.4067,,
4012,1248.263,,
4013,2101.097,,
4014,3524.2417,,
4015,496.55344,,
4016,2431.933,,
4017,139.046,,
4018,1300.4092,,
4019,5145.061,,
4020,6240.0767,,
4021,2750.7888,,
4022,4082.969,,
4023,3392.9875,,
4024,3153.748,,
4025,904.71436,,
4026,249.49297,,
4027,1846.7778,,
4028,2394.2686,,
4029,1821.0262,,
4030,833.40045,,
4031,2910.0002,,
4032,2985.2654,,
4033,2933.1433,,
4034,3242.6272,,
4035,2518.7175,,
4036,376.69217,,
4037,3054.6597,,
4038,3586.4104,,
4039,3482.8633,,
4040,3737.7434,,
4041,1293.5287,,
4042,366.72552,,
4043,2934.7556,,
4044,4881.687,,
4045,5881.8906,,
4046,108.22585,,
4047,2370.1711,,
4048,190.55162,,
4049,2271.3926,,
4050,2168.2593,,
4051,1351.1086,,
4052,126.59459,,
4053,1269.4484,,
4054,253.04782,,
4055,3450.889,,
4056,5393.7646,,
4057,10383.189,,
4058,351.78732,,
4059,154.56883,,
4060,1322.5619,,
4061,2603.6409,,
4062,2881.7656,,
4063,3072.8857,,
4064,917.9378,,
4065,1752.2799,,
4066,2986.335,,
4067,2008.5521,,
4068,6439.164,,
4069,518.34686,,
4070,4670.8105,,
4071,2220.8281,,
4072,3418.1812,,
4073,4668.289,,
4074,2616.7983,,
4075,3236.9976,,
4076,1308.2921,,
4077,104.56448,,
4078,3134.998,,
4079,4138.6143,,
4080,2430.4282,,
4081,1757.7219,,
4082,3379.8398,,
4083,260.5625,,
4084,831.38214,,
4085,901.40656,,
4086,6853.1978,,
4087,3080.6099,,
4088,3316.1648,,
4089,2377.1926,,
4090,4545.1787,,
4091,2257.8645,,
4092,2662.295,,
4093,1363.3663,,
4094,225.98097,,
4095,2064.484,,
4096,1500.2537,,
4097,241.80627,,
4098,3785.5154,,
4099,1843.8965,,
4100,3180.7964,,
4101,1484.835,,
4102,1941.0948,,
4103,2894.2048,,
4104,403.62515,,
4105,3301.5588,,
4106,3096.7192,,
4107,2546.421,,
4108,531.1893,,
4109,2460.7322,,
4110,1679.4215,,
4111,1086.9758,,
4112,1935.0166,,
4113,1874.8174,,
4114,2386.7502,,
4115,1849.0123,,
4116,598.4929,,
4117,1187.7744,,
4118,2492.665,,
4119,1318.8684,,
4120,1671.1536,,
4121,4043.125,,
4122,677.9278,,
4123,1563.2104,,
4124,2251.257,,
4125,3170.4458,,
4126,1251.6931,,
4127,691.14984,,
4128,1615.9408,,
4129,929.3137,,
4130,5532.647,,
4131,3276.3252,,
4132,791.7803,,
4133,2966.433,,
4134,2705.4023,,
4135,1666.699,,
4136,1136.264,,
4137,2992.0083,,
4138,805.85315,,
4139,2013.5294,,
4140,3530.4011,,
4141,1804.7971,,
4142,935.78284,,
4143,2823.4326,,
4144,3694.9885,,
4145,2046.5864,,
4146,5492.9526,,
4147,175.73683,,
4148,1385.189,,
4149,3343.7227,,
4150,3064.802,,
4151,779.6491,,
4152,3423.2583,,
4153,239.43614,,
4154,2532.6138,,
4155,819.20184,,
4156,1873.2306,,
4157,1463.077,,
4158,3139.8643,,
4159,261.31824,,
4160,2584.2646,,
4161,348.8724,,
4162,1230.6632,,
4163,4389.4077,,
4164,2415.5505,,
4165,2016.9431,,
4166,250.75607,,
4167,2964.5078,,
4168,3018.1846,,
4169,1608.6123,,
4170,2586.8276,,
4171,1661.2657,,
4172,1644.7131,,
4173,2499.0925,,
4174,3534.9792,,
4175,2412.0085,,
4176,1621.3767,,
4177,2207.8486,,
4178,2913.2314,,
4179,1190.0549,,
4180,3080.9187,,
4181,715.6379,,
4182,3651.7727,,
4183,851.625,,
4184,1816.3842,,
4185,6048.667,,
4186,779.9461,,
4187,622.7022,,
4188,814.55975,,
4189,1485.6562,,
4190,507.1414,,
4191,970.63074,,
4192,3640.6294,,
4193,1575.6779,,
4194,2638.0178,,
4195,3607.0647,,
4196,3059.9058,,
4197,2393.0156,,
4198,1865.4233,,
4199,2389.6287,,
4200,3085.2903,,
4201,2794.3694,,
4202,2679.4402,,
4203,3134.088,,
4204,2021.5333,,
4205,3931.432,,
4206,1695.3882,,
4207,1628.9388,,
4208,376.9257,,
4209,6163.763,,
4210,-17.56516,,
4211,2135.6875,,
4212,348.93988,,
4213,2141.9526,,
4214,3492.2646,,
4215,680.4417,,
4216,2204.3386,,
4217,2000.8419,,
4218,2174.0696,,
4219,5731.9634,,
4220,1187.2817,,
4221,2050.5452,,
4222,3491.1482,,
4223,985.0679,,
4224,-188.48685,,
4225,2185.029,,
4226,334.6151,,
4227,1669.136,,
4228,1714.134,,
4229,230.98749,,
4230,2415.303,,
4231,-74.41932,,
4232,1254.4417,,
4233,1861.5189,,
4234,1454.7461,,
4235,1283.4822,,
4236,2759.9473,,
4237,1913.6232,,
4238,997.459,,
4239,1607.0061,,
4240,859.8781,,
4241,2840.1943,,
4242,1347.7635,,
4243,1239.661,,
4244,1439.6307,,
4245,209.60275,,
4246,1930.5663,,
4247,2082.1155,,
4248,717.4561,,
4249,3911.5432,,
4250,266.3172,,
4251,6099.5146,,
4252,1119.0265,,
4253,548.9144,,
4254,1834.2278,,
4255,134.62213,,
4256,1094.9747,,
4257,1032.2599,,
4258,1152.1062,,
4259,673.0581,,
4260,3118.7327,,
4261,2928.0098,,
4262,238.30257,,
4263,3080.761,,
4264,656.7142,,
4265,3624.5186,,
4266,1123.4553,,
4267,1387.1714,,
4268,2135.348,,
4269,2359.0798,,
4270,6324.3623,,
4271,1792.2402,,
4272,2417.3794,,
4273,3516.6528,,
4274,3732.6196,,
4275,2074.8445,,
4276,-280.3411,,
4277,5072.839,,
4278,3101.3113,,
4279,6135.22,,
4280,3498.4595,,
4281,1602.135,,
4282,1817.9645,,
4283,1975.32,,
4284,3744.5596,,
4285,2229.9536,,
4286,2195.6357,,
4287,1897.9943,,
4288,206.0713,,
4289,2057.0308,,
4290,2667.5178,,
4291,-45.919228,,
4292,1253.3026,,
4293,117.573364,,
4294,2901.68,,
4295,6032.214,,
4296,1814.2402,,
4297,2051.0781,,
4298,2176.009,,
4299,1076.6095,,
4300,1170.798,,
4301,1977.473,,
4302,541.5245,,
4303,1860.6044,,
4304,1551.4473,,
4305,1379.112,,
4306,868.99384,,
4307,3104.383,,
4308,810.40686,,
4309,1168.4277,,
4310,2641.0618,,
4311,2419.588,,
4312,3120.7935,,
4313,3028.135,,
4314,1112.1997,,
4315,-492.74994,,
4316,1612.7463,,
4317,141.53505,,
4318,2674.8118,,
4319,4492.672,,
4320,1283.4261,,
4321,359.79645,,
4322,245.95686,,
4323,2981.929,,
4324,2323.4136,,
4325,1606.96,,
4326,3203.0112,,
4327,907.9366,,
4328,534.237,,
4329,2620.2341,,
4330,1150.2992,,
4331,3912.4019,,
4332,3811.4307,,
4333,682.6397,,
4334,2961.113,,
4335,499.75528,,
4336,840.88617,,
4337,1491.1569,,
4338,1114.5917,,
4339,1806.8049,,
4340,208.07999,,
4341,2845.968,,
4342,3121.2854,,
4343,1228.2673,,
4344,1269.0024,,
4345,1078.626,,
4346,3151.046,,
4347,990.30804,,
4348,1418.7057,,
4349,692.1032,,
4350,379.0962,,
4351,4132.0684,,
4352,3443.2156,,
4353,2933.0347,,
4354,4328.7153,,
4355,1430.6299,,
4356,2488.2178,,
4357,2093.873,,
4358,583.2392,,
4359,114.25981,,
4360,156.83612,,
4361,3585.4634,,
4362,5173.9404,,
4363,1498.5365,,
4364,4262.4434,,
4365,479.94318,,
4366,4162.2334,,
4367,2138.9167,,
4368,2490.7463,,
4369,871.1024,,
4370,1815.6841,,
4371,5591.204,,
4372,840.68646,,
4373,1562.476,,
4374,3258.5342,,
4375,2665.507,,
4376,1387.8678,,
4377,915.4884,,
4378,4972.5903,,
4379,5073.62,,
4380,2044.7218,,
4381,7614.537,,
4382,1536.7565,,
4383,2786.7417,,
4384,2685.12,,
4385,3750.2537,,
4386,1451.8246,,
4387,660.11914,,
4388,2487.066,,
4389,1277.0387,,
4390,4786.5874,,
4391,837.4313,,
4392,2290.7678,,
4393,1430.533,,
4394,3597.4006,,
4395,3581.7222,,
4396,2724.0403,,
4397,1115.6387,,
4398,1013.509,,
4399,1453.1394,,
4400,989.3158,,
4401,982.8913,,
4402,1232.4073,,
4403,1921.1097,,
4404,2318.7383,,
4405,1807.5035,,
4406,5392.7163,,
4407,1610.1716,,
4408,1632.5608,,
4409,81.5543,,
4410,1359.4165,,
4411,1647.6748,,
4412,2682.5457,,
4413,3023.954,,
4414,4387.3223,,
4415,1303.0631,,
4416,2331.7314,,
4417,2535.8645,,
4418,307.42136,,
4419,1525.9657,,
4420,648.19714,,
4421,80.26551,,
4422,1391.0133,,
4423,3079.0186,,
4424,434.6519,,
4425,1797.2957,,
4426,3316.9263,,
4427,5428.4263,,
4428,3552.1255,,
4429,1738.7247,,
4430,638.4856,,
4431,430.04218,,
4432,3713.6912,,
4433,1065.3765,,
4434,3702.468,,
4435,206.39664,,
4436,1457.3406,,
4437,2395.82,,
4438,324.0253,,
4439,1263.3948,,
4440,179.23236,,
4441,1774.0708,,
4442,878.27576,,
4443,580.0591,,
4444,4031.968,,
4445,1782.1648,,
4446,315.22156,,
4447,1634.5798,,
4448,2207.9888,,
4449,2235.0479,,
4450,531.6825,,
4451,707.99396,,
4452,1608.8085,,
4453,917.2606,,
4454,3189.6736,,
4455,587.89404,,
4456,1153.954,,
4457,1016.7332,,
4458,1377.797,,
4459,1074.0044,,
4460,1707.962,,
4461,3653.2075,,
4462,5511.6953,,
4463,461.1955,,
4464,3068.3125,,
4465,1966.1372,,
4466,2400.4019,,
4467,2163.0352,,
4468,747.69574,,
4469,1186.9529,,
4470,2523.766,,
4471,1023.4442,,
4472,1089.5178,,
4473,5690.1133,,
4474,1431.1471,,
4475,2456.0623,,
4476,3111.1243,,
4477,1169.4735,,
4478,1114.8077,,
4479,1795.9266,,
4480,686.28046,,
4481,1182.2917,,
4482,2140.38,,
4483,3383.788,,
4484,480.51996,,
4485,3509.315,,
4486,2938.0693,,
4487,3191.8735,,
4488,2930.8755,,
4489,1261.7983,,
4490,2870.9968,,
4491,2637.3752,,
4492,2926.6643,,
4493,1407.904,,
4494,1179.6057,,
4495,2252.9597,,
4496,151.6369,,
4497,5338.649,,
4498,4360.4844,,
4499,3534.9224,,
4500,2523.0503,,
4501,2147.7441,,
4502,1432.705,,
4503,4445.79,,
4504,4707.2837,,
4505,481.21634,,
4506,1660.5315,,
4507,2974.089,,
4508,5652.3135,,
4509,2083.3223,,
4510,4256.0913,,
4511,176.20314,,
4512,3768.3633,,
4513,4327.7017,,
4514,2685.2437,,
4515,654.5163,,
4516,1570.4437,,
4517,3989.5771,,
4518,2773.9258,,
4519,4728.8677,,
4520,2140.4558,,
4521,1695.7404,,
4522,1301.2047,,
4523,4596.6284,,
4524,1953.4601,,
4525,1777.6763,,
4526,2423.931,,
4527,3425.5596,,
4528,3668.4614,,
4529,6444.567,,
4530,573.7802,,
4531,1111.2881,,
4532,668.3714,,
4533,3908.8257,,
4534,374.4163,,
4535,1448.3042,,
4536,2822.7878,,
4537,989.40515,,
4538,2029.8678,,
4539,3277.9023,,
4540,2781.0786,,
4541,1845.2493,,
4542,1079.3339,,
4543,548.375,,
4544,2260.485,,
4545,205.20375,,
4546,4094.4546,,
4547,2086.5608,,
4548,1529.3625,,
4549,291.11676,,
4550,3316.0295,,
4551,237.044,,
4552,2118.6042,,
4553,3311.064,,
4554,1962.2399,,
4555,2281.427,,
4556,6067.8687,,
4557,851.50525,,
4558,4187.422,,
4559,2578.2644,,
4560,2358.304,,
4561,236.94843,,
4562,689.5952,,
4563,3750.1958,,
4564,2415.439,,
4565,3934.969,,
4566,3923.3252,,
4567,2632.8123,,
4568,3186.6602,,
4569,4330.044,,
4570,5242.367,,
4571,-39.99946,,
4572,3986.579,,
4573,2861.655,,
4574,2149.8865,,
4575,216.69614,,
4576,5114.2236,,
4577,398.36887,,
4578,2331.8018,,
4579,696.8182,,
4580,3993.902,,
4581,3214.1743,,
4582,1613.1973,,
4583,3695.0227,,
4584,2387.9688,,
4585,2547.6934,,
4586,5420.9863,,
4587,4571.1626,,
4588,2317.4592,,
4589,2091.0117,,
4590,643.8725,,
4591,92.037674,,
4592,4591.426,,
4593,5535.0166,,
4594,1997.0011,,
4595,2914.9631,,
4596,2623.0034,,
4597,2796.116,,
4598,1848.8145,,
4599,1157.1512,,
4600,1406.1637,,
4601,3556.1008,,
4602,2584.9521,,
4603,1312.0548,,
4604,1278.1179,,
4605,2732.505,,
4606,2286.6594,,
4607,1207.867,,
4608,2986.0264,,
4609,2729.457,,
4610,5004.018,,
4611,1999.9991,,
4612,1732.7969,,
4613,2221.17,,
4614,544.7973,,
4615,3348.5693,,
4616,807.34937,,
4617,1825.9219,,
4618,4354.3623,,
4619,207.49303,,
4620,761.4199,,
4621,3625.8445,,
4622,5296.5977,,
4623,1659.0004,,
4624,834.2009,,
4625,4099.872,,
4626,514.4007,,
4627,4717.779,,
4628,2644.1326,,
4629,2404.5352,,
4630,2965.9485,,
4631,489.69342,,
4632,22.542885,,
4633,1333.4625,,
4634,2900.2727,,
4635,2509.8574,,
4636,3621.8638,,
4637,620.36676,,
4638,2428.7058,,
4639,2460.8591,,
4640,30.50239,,
4641,3266.3745,,
4642,1526.2228,,
4643,3516.724,,
4644,4311.473,,
4645,2475.5608,,
4646,2586.3472,,
4647,2715.6199,,
4648,1674.3372,,
4649,1547.9751,,
4650,875.2983,,
4651,686.4948,,
4652,1472.071,,
4653,523.1701,,
4654,197.41754,,
4655,743.1433,,
4656,2956.0762,,
4657,1301.4075,,
4658,1221.5951,,
4659,844.03424,,
4660,179.17264,,
4661,3831.2175,,
4662,1248.1465,,
4663,3097.5732,,
4664,1522.8965,,
4665,432.64346,,
4666,3321.7012,,
4667,1411.2645,,
4668,2815.434,,
4669,832.103,,
4670,1595.7229,,
4671,-64.9804,,
4672,467.6038,,
4673,3729.9937,,
4674,217.92831,,
4675,2273.0786,,
4676,770.254,,
4677,2076.2598,,
4678,1222.5652,,
4679,2900.068,,
4680,2717.1333,,
4681,1904.8708,,
4682,846.6419,,
4683,250.90198,,
4684,2431.351,,
4685,264.2248,,
4686,1507.6008,,
4687,608.03064,,
4688,3404.7622,,
4689,1213.4467,,
4690,370.78427,,
4691,2572.219,,
4692,1412.8137,,
4693,3791.264,,
4694,3552.463,,
4695,1518.1439,,
4696,4550.705,,
4697,1687.786,,
4698,2253.556,,
4699,2348.0986,,
4700,2790.4556,,
4701,625.70013,,
4702,2339.845,,
4703,996.90607,,
4704,2898.7334,,
4705,886.81396,,
4706,631.5097,,
4707,4319.9683,,
4708,154.90654,,
4709,2014.3505,,
4710,2220.0159,,
4711,3433.982,,
4712,1051.3622,,
4713,64.40709,,
4714,2122.5369,,
4715,3149.8389,,
4716,2384.7725,,
4717,2312.877,,
4718,1618.5752,,
4719,293.14923,,
4720,2714.6504,,
4721,4424.896,,
4722,283.83344,,
4723,4010.0615,,
4724,2529.5942,,
4725,3167.0005,,
4726,420.348,,
4727,220.28578,,
4728,2123.2427,,
4729,2941.8948,,
4730,2036.7107,,
4731,1349.6309,,
4732,3173.977,,
4733,607.03204,,
4734,1311.6302,,
4735,1410.0931,,
4736,795.6893,,
4737,2787.527,,
4738,1736.7225,,
4739,2504.2139,,
4740,2801.3328,,
4741,266.44263,,
4742,1731.7556,,
4743,3594.2322,,
4744,3194.935,,
4745,872.5865,,
4746,3254.1206,,
4747,2109.297,,
4748,2861.5059,,
4749,3599.9048,,
4750,4409.36,,
4751,837.3107,,
4752,3516.8342,,
4753,2504.655,,
4754,2839.0474,,
4755,-207.22456,,
4756,1835.9756,,
4757,1760.887,,
4758,3166.0674,,
4759,2181.1514,,
4760,679.49426,,
4761,5617.397,,
4762,782.2159,,
4763,309.1209,,
4764,2239.7837,,
4765,215.17378,,
4766,2992.14,,
4767,3598.1016,,
4768,2400.5818,,
4769,781.87335,,
4770,178.10997,,
4771,2873.8567,,
4772,93.95178,,
4773,428.76855,,
4774,2800.0515,,
4775,144.9827,,
4776,2564.275,,
4777,1986.997,,
4778,1560.4705,,
4779,270.61157,,
4780,410.83783,,
4781,2158.8813,,
4782,1968.2863,,
4783,1732.329,,
4784,758.4444,,
4785,3871.859,,
4786,3187.611,,
4787,3756.3242,,
4788,2110.8625,,
4789,2985.044,,
4790,3061.79,,
4791,613.25574,,
4792,1812.6191,,
4793,2461.4343,,
4794,1915.1382,,
4795,4056.7114,,
4796,3977.0642,,
4797,1399.0391,,
4798,2947.2751,,
4799,388.43704,,
4800,7618.4014,,
4801,503.89157,,
4802,4422.1343,,
4803,300.39954,,
4804,295.6256,,
4805,3049.179,,
4806,251.82867,,
4807,2261.3582,,
4808,2005.5656,,
4809,1858.5984,,
4810,4653.649,,
4811,1518.7922,,
4812,203.15479,,
4813,2931.8428,,
4814,1896.5975,,
4815,2605.3765,,
4816,1006.3856,,
4817,654.56665,,
4818,2247.6162,,
4819,1983.7458,,
4820,242.863,,
4821,2086.4873,,
4822,1527.6852,,
4823,1340.1475,,
4824,441.6041,,
4825,4450.4966,,
4826,1135.6804,,
4827,1992.1873,,
4828,1298.6583,,
4829,1338.6737,,
4830,206.42487,,
4831,3925.6245,,
4832,1410.1672,,
4833,608.7511,,
4834,2086.4983,,
4835,2901.2402,,
4836,5166.5376,,
4837,506.35254,,
4838,3569.769,,
4839,3244.4673,,
4840,3455.2903,,
4841,2402.3416,,
4842,224.54247,,
4843,2341.9285,,
4844,1391.3262,,
4845,3162.0334,,
4846,258.58765,,
4847,3576.326,,
4848,3747.3179,,
4849,1838.3356,,
4850,2611.5083,,
4851,2782.7952,,
4852,2491.834,,
4853,1931.154,,
4854,281.0213,,
4855,2130.0957,,
4856,2419.4814,,
4857,2745.4712,,
4858,713.23413,,
4859,4487.7856,,
4860,2657.0938,,
4861,3564.6758,,
4862,1358.3112,,
4863,3217.5603,,
4864,551.5137,,
4865,2380.1982,,
4866,4185.919,,
4867,5679.575,,
4868,2296.196,,
4869,1483.2133,,
4870,1357.1995,,
4871,594.70844,,
4872,6542.479,,
4873,2120.1309,,
4874,4061.5461,,
4875,2140.8013,,
4876,2408.6528,,
4877,1293.8013,,
4878,359.76343,,
4879,1388.8644,,
4880,546.7009,,
4881,491.9165,,
4882,757.7142,,
4883,4417.6445,,
4884,1154.06,,
4885,2424.707,,
4886,4659.3203,,
4887,2659.766,,
4888,91.94585,,
4889,4663.185,,
4890,1458.9088,,
4891,1481.0281,,
4892,2530.0369,,
4893,3083.6584,,
4894,1592.737,,
4895,2443.1865,,
4896,1425.3701,,
4897,3087.6055,,
4898,4526.5063,,
4899,1485.0641,,
4900,1792.9994,,
4901,3239.4753,,
4902,190.6409,,
4903,1646.354,,
4904,4351.8657,,
4905,3544.3596,,
4906,408.87897,,
4907,1249.0797,,
4908,928.3794,,
4909,2597.8057,,
4910,4428.238,,
4911,4376.263,,
4912,2424.901,,
4913,3113.6165,,
4914,1599.1736,,
4915,1265.477,,
4916,1975.6572,,
4917,201.40862,,
4918,2769.3994,,
4919,263.91968,,
4920,2473.5474,,
4921,6955.2197,,
4922,1672.0793,,
4923,3645.5042,,
4924,2428.323,,
4925,2274.1042,,
4926,1196.5248,,
4927,1575.7438,,
4928,325.03873,,
4929,5455.238,,
4930,397.08704,,
4931,4714.3994,,
4932,3913.3083,,
4933,2575.476,,
4934,2399.6091,,
4935,533.27264,,
4936,2554.5513,,
4937,2224.6206,,
4938,1928.3892,,
4939,3959.7576,,
4940,2537.446,,
4941,1300.864,,
4942,2176.3357,,
4943,2239.3213,,
4944,2258.3645,,
4945,1871.8184,,
4946,1891.0629,,
4947,2637.8132,,
4948,992.07324,,
4949,568.56213,,
4950,3362.3438,,
4951,2377.9905,,
4952,2052.7039,,
4953,1559.1381,,
4954,2753.6885,,
4955,2621.8142,,
4956,2558.7002,,
4957,3080.1724,,
4958,270.1824,,
4959,171.28912,,
4960,1403.7463,,
4961,2044.8347,,
4962,2133.9863,,
4963,1622.0546,,
4964,488.6174,,
4965,1521.0402,,
4966,199.54242,,
4967,2083.9585,,
4968,6354.3135,,
4969,735.5742,,
4970,1418.8783,,
4971,322.61148,,
4972,1359.9021,,
4973,1826.083,,
4974,2882.0044,,
4975,901.41907,,
4976,435.15753,,
4977,943.33984,,
4978,1761.5859,,
4979,1789.1733,,
4980,3692.6133,,
4981,3625.9087,,
4982,1428.4409,,
4983,1101.2584,,
4984,2308.3794,,
4985,110.25819,,
4986,3045.679,,
4987,2188.5583,,
4988,1967.2094,,
4989,982.6034,,
4990,1276.9078,,
4991,4883.115,,
4992,729.1425,,
4993,865.4047,,
4994,2995.6294,,
4995,373.67996,,
4996,1815.3939,,
4997,2523.4194,,
4998,785.3153,,
4999,219.57584,,
5000,427.8262,,
5001,1288.0479,,
5002,1483.3226,,
5003,1256.813,,
5004,1483.8368,,
5005,1176.5609,,
5006,1175.5641,,
5007,1032.7435,,
5008,887.394,,
5009,2552.4414,,
5010,1698.4092,,
5011,1658.3473,,
5012,1089.6066,,
5013,3631.8013,,
5014,4600.315,,
5015,1309.7574,,
5016,63.8127,,
5017,4071.077,,
5018,846.3093,,
5019,1738.6456,,
5020,851.0422,,
5021,1223.9043,,
5022,689.3212,,
5023,2203.0938,,
5024,1768.7289,,
5025,2248.326,,
5026,257.08575,,
5027,106.893425,,
5028,1305.7893,,
5029,1620.7295,,
5030,2073.3025,,
5031,124.58259,,
5032,2145.7178,,
5033,1686.3174,,
5034,1856.1754,,
5035,4926.827,,
5036,4418.008,,
5037,5249.94,,
5038,1998.4938,,
5039,1106.4719,,
5040,4043.6782,,
5041,4378.7256,,
5042,4425.0156,,
5043,612.0784,,
5044,2786.4314,,
5045,2749.7168,,
5046,469.36224,,
5047,708.4998,,
5048,1604.9708,,
5049,3348.1946,,
5050,4340.4297,,
5051,106.73192,,
5052,1174.6417,,
5053,3927.7346,,
5054,568.65436,,
5055,3482.6992,,
5056,3907.9473,,
5057,3403.7085,,
5058,930.96844,,
5059,3109.4883,,
5060,3309.1484,,
5061,91.258736,,
5062,3316.0981,,
5063,2965.5027,,
5064,1856.5688,,
5065,2149.0137,,
5066,3654.3367,,
5067,2135.4412,,
5068,1470.5098,,
5069,2291.766,,
5070,2385.4531,,
5071,23.600582,,
5072,690.69543,,
5073,1543.3683,,
5074,2466.0461,,
5075,1832.9686,,
5076,3279.4775,,
5077,2837.0278,,
5078,5187.316,,
5079,5857.0254,,
5080,1537.5983,,
5081,2255.263,,
5082,993.65765,,
5083,2663.6584,,
5084,3103.33,,
5085,1981.6119,,
5086,3743.9106,,
5087,2603.6243,,
5088,380.61105,,
5089,2395.2336,,
5090,2681.5322,,
5091,1884.3424,,
5092,3126.0254,,
5093,1249.3943,,
5094,3984.1528,,
5095,2787.471,,
5096,2303.07,,
5097,1552.9313,,
5098,315.77017,,
5099,1968.2261,,
5100,2047.1605,,
5101,849.6936,,
5102,68.14203,,
5103,3850.7417,,
5104,2963.2957,,
5105,577.8556,,
5106,619.27234,,
5107,2649.186,,
5108,2540.7192,,
5109,762.1413,,
5110,1325.8004,,
5111,1898.4707,,
5112,256.73804,,
5113,1984.1616,,
5114,679.1917,,
5115,906.9851,,
5116,142.4977,,
5117,3066.336,,
5118,624.29126,,
5119,3624.107,,
5120,227.49995,,
5121,231.9707,,
5122,154.54802,,
5123,934.1565,,
5124,1622.3162,,
5125,1812.1721,,
5126,1812.4215,,
5127,1379.9065,,
5128,4717.3447,,
5129,2349.1338,,
5130,2117.0276,,
5131,2294.735,,
5132,1734.1355,,
5133,963.22626,,
5134,4325.855,,
5135,3255.5093,,
5136,4329.8853,,
5137,2305.1885,,
5138,1592.063,,
5139,3912.694,,
5140,2776.5894,,
5141,2342.8237,,
5142,1965.1997,,
5143,855.5354,,
5144,3151.457,,
5145,1291.6462,,
5146,2112.9658,,
5147,3977.4014,,
5148,1423.1248,,
5149,4110.2427,,
5150,3076.6016,,
5151,3542.6367,,
5152,6039.7354,,
5153,1766.1979,,
5154,3045.177,,
5155,693.8251,,
5156,2596.9985,,
5157,-50.61961,,
5158,1993.5735,,
5159,2000.1033,,
5160,2306.8215,,
5161,3249.4487,,
5162,2423.4856,,
5163,5241.1274,,
5164,3018.3625,,
5165,531.8806,,
5166,987.4734,,
5167,401.1962,,
5168,31.80252,,
5169,1897.4069,,
5170,1297.5856,,
5171,1786.5397,,
5172,2676.244,,
5173,4372.1646,,
5174,1277.937,,
5175,351.50095,,
5176,3045.7576,,
5177,1814.1268,,
5178,2922.532,,
5179,1566.4021,,
5180,322.6623,,
5181,1031.8967,,
5182,633.45514,,
5183,2573.4458,,
5184,1518.6528,,
5185,1418.0483,,
5186,1672.4788,,
5187,1914.1277,,
5188,2516.783,,
5189,4189.0684,,
5190,338.34753,,
5191,1221.8197,,
5192,1915.029,,
5193,2319.4272,,
5194,4582.781,,
5195,1735.5626,,
5196,1420.2535,,
5197,-81.57168,,
5198,565.8524,,
5199,4437.6167,,
5200,2761.918,,
5201,1879.6967,,
5202,1327.3027,,
5203,1036.6609,,
5204,2942.9912,,
5205,1497.9094,,
5206,4039.0334,,
5207,2771.8706,,
5208,343.4749,,
5209,3211.8752,,
5210,1597.3351,,
5211,6280.5493,,
5212,118.766525,,
5213,2670.9043,,
5214,1667.6208,,
5215,2459.4512,,
5216,1574.6255,,
5217,3804.521,,
5218,2741.355,,
5219,3096.9656,,
5220,4386.669,,
5221,1364.4594,,
5222,5931.121,,
5223,126.1226,,
5224,2671.754,,
5225,2283.1152,,
5226,852.37354,,
5227,1223.8425,,
5228,3134.1128,,
5229,643.1852,,
5230,2097.2808,,
5231,572.8878,,
5232,2749.779,,
5233,2798.2104,,
5234,3633.0166,,
5235,1580.0471,,
5236,2091.671,,
5237,2043.5133,,
5238,2478.8865,,
5239,2489.4673,,
5240,2322.552,,
5241,3498.7488,,
5242,2697.631,,
5243,2143.7698,,
5244,4321.9087,,
5245,3175.3157,,
5246,724.3588,,
5247,271.38547,,
5248,1239.9607,,
5249,351.97488,,
5250,2919.8386,,
5251,2695.7766,,
5252,5275.258,,
5253,2497.0208,,
5254,4683.0337,,
5255,3447.6157,,
5256,3790.3547,,
5257,5550.4976,,
5258,2848.416,,
5259,1357.4207,,
5260,804.69305,,
5261,3244.202,,
5262,271.54187,,
5263,436.06424,,
5264,866.04114,,
5265,1615.365,,
5266,3564.2449,,
5267,567.1104,,
5268,784.47327,,
5269,1569.3341,,
5270,733.1203,,
5271,1312.6152,,
5272,3900.7913,,
5273,6120.135,,
5274,3516.9143,,
5275,969.2936,,
5276,3413.7712,,
5277,146.54367,,
5278,2660.7917,,
5279,1760.5203,,
5280,1702.8746,,
5281,750.3741,,
5282,1816.2577,,
5283,2862.6365,,
5284,1570.7922,,
5285,3258.2053,,
5286,4008.242,,
5287,1545.6179,,
5288,451.06735,,
5289,1328.1842,,
5290,494.70065,,
5291,583.57916,,
5292,3142.0044,,
5293,174.5203,,
5294,3497.0867,,
5295,2497.4333,,
5296,3013.2837,,
5297,2197.3767,,
5298,1608.5684,,
5299,1304.3177,,
5300,1006.8251,,
5301,3396.8203,,
5302,3241.3896,,
5303,446.48334,,
5304,301.25317,,
5305,4564.038,,
5306,3169.8152,,
5307,1648.7616,,
5308,870.8304,,
5309,148.63899,,
5310,3561.6838,,
5311,1097.1658,,
5312,821.5501,,
5313,4701.273,,
5314,1729.5295,,
5315,4871.0327,,
5316,702.49915,,
5317,261.92368,,
5318,2313.677,,
5319,2260.649,,
5320,5386.115,,
5321,1551.3499,,
5322,3691.5676,,
5323,1361.1399,,
5324,3941.3933,,
5325,1688.1527,,
5326,2723.829,,
5327,351.8919,,
5328,6362.3843,,
5329,230.46147,,
5330,2830.8943,,
5331,3244.0125,,
5332,2273.4902,,
5333,740.5322,,
5334,2637.5193,,
5335,619.4198,,
5336,289.60474,,
5337,1536.7102,,
5338,4472.651,,
5339,2702.8054,,
5340,1916.1693,,
5341,2075.017,,
5342,3304.8862,,
5343,1628.0193,,
5344,2436.8127,,
5345,2930.6807,,
5346,1130.2377,,
5347,2129.0183,,
5348,5879.393,,
5349,2572.5618,,
5350,380.9551,,
5351,1534.791,,
5352,2397.6023,,
5353,2304.002,,
5354,2068.5466,,
5355,4028.1338,,
5356,2061.64,,
5357,272.68088,,
5358,2387.5334,,
5359,1982.7579,,
5360,2531.568,,
5361,2265.6343,,
5362,399.0337,,
5363,1293.6797,,
5364,3006.655,,
5365,1872.147,,
5366,1488.6512,,
5367,1972.7351,,
5368,1735.884,,
5369,1788.3254,,
5370,432.3618,,
5371,3509.605,,
5372,483.5776,,
5373,5061.9473,,
5374,2200.6995,,
5375,1804.2675,,
5376,866.6845,,
5377,763.019,,
5378,1300.0463,,
5379,7210.633,,
5380,1811.9734,,
5381,6348.7603,,
5382,3271.257,,
5383,1360.818,,
5384,2032.6477,,
5385,2573.7222,,
5386,4422.076,,
5387,2966.32,,
5388,145.64502,,
5389,3659.457,,
5390,2874.3997,,
5391,1964.7786,,
5392,383.01535,,
5393,1969.022,,
5394,2863.6646,,
5395,5809.7095,,
5396,1335.2244,,
5397,2351.7695,,
5398,673.2996,,
5399,1151.7505,,
5400,3180.1257,,
5401,3015.7983,,
5402,1274.5828,,
5403,1744.6987,,
5404,1169.8098,,
5405,2758.7974,,
5406,3168.769,,
5407,3088.349,,
5408,2306.3752,,
5409,2252.944,,
5410,3564.3467,,
5411,3422.572,,
5412,3055.6287,,
5413,300.49844,,
5414,1759.9701,,
5415,1383.6957,,
5416,584.886,,
5417,2562.9834,,
5418,5286.844,,
5419,1187.8147,,
5420,2197.411,,
5421,2051.6729,,
5422,1466.4269,,
5423,84.983505,,
5424,1977.7281,,
5425,2965.303,,
5426,4188.487,,
5427,233.63412,,
5428,2899.743,,
5429,1364.5308,,
5430,2515.064,,
5431,8552.834,,
5432,2301.164,,
5433,3217.4724,,
5434,1035.5717,,
5435,238.17116,,
5436,3162.6653,,
5437,3572.3137,,
5438,2773.7168,,
5439,1427.728,,
5440,578.8567,,
5441,4596.5176,,
5442,16.326092,,
5443,2296.5469,,
5444,213.1213,,
5445,915.34924,,
5446,1003.81976,,
5447,2773.0054,,
5448,3394.8098,,
5449,4108.43,,
5450,53.866726,,
5451,2533.4214,,
5452,3117.3857,,
5453,2574.2507,,
5454,4197.733,,
5455,156.95554,,
5456,4939.4194,,
5457,4109.5,,
5458,193.18167,,
5459,5601.247,,
5460,2654.2454,,
5461,2001.631,,
5462,603.0634,,
5463,2320.8538,,
5464,2264.6252,,
5465,234.3881,,
5466,560.6534,,
5467,2653.0547,,
5468,2845.2117,,
5469,-74.78882,,
5470,3219.133,,
5471,4187.817,,
5472,550.7274,,
5473,1470.2217,,
5474,3560.561,,
5475,266.1802,,
5476,1569.9849,,
5477,3139.8643,,
5478,411.1551,,
5479,2713.1375,,
5480,2098.4954,,
5481,4813.2695,,
5482,560.70044,,
5483,2897.3552,,
5484,946.79736,,
5485,2975.945,,
5486,3012.3362,,
5487,289.71466,,
5488,2969.6487,,
5489,2040.7402,,
5490,284.99136,,
5491,3269.7478,,
5492,1611.3845,,
5493,893.99536,,
5494,1511.9945,,
5495,2471.3352,,
5496,4065.6223,,
5497,2267.4058,,
5498,2885.367,,
5499,32.228046,,
5500,4061.9727,,
5501,1795.3125,,
5502,2141.987,,
5503,1290.6637,,
5504,3008.3262,,
5505,1792.7037,,
5506,4824.0024,,
5507,3162.5835,,
5508,1454.9055,,
5509,2748.4863,,
5510,1445.7404,,
5511,2122.2983,,
5512,2852.956,,
5513,1896.3108,,
5514,149.65363,,
5515,3519.6182,,
5516,1285.5432,,
5517,3156.5046,,
5518,740.9521,,
5519,4575.5312,,
5520,1993.673,,
5521,969.39075,,
5522,837.3267,,
5523,6595.1533,,
5524,719.0561,,
5525,1866.6278,,
5526,2929.2815,,
5527,2116.8652,,
5528,3633.1118,,
5529,1262.0754,,
5530,2320.444,,
5531,2654.1206,,
5532,2723.3398,,
5533,4083.469,,
5534,2932.7395,,
5535,1921.5862,,
5536,1596.674,,
5537,2433.236,,
5538,1358.7559,,
5539,1159.4734,,
5540,701.19244,,
5541,3545.9446,,
5542,3394.9036,,
5543,2551.9514,,
5544,2484.6904,,
5545,710.54254,,
5546,289.37112,,
5547,1463.2673,,
5548,3251.0222,,
5549,1277.9514,,
5550,2644.9758,,
5551,173.25513,,
5552,1361.5342,,
5553,2950.754,,
5554,3514.5078,,
5555,771.73804,,
5556,934.8767,,
5557,822.28455,,
5558,2028.2148,,
5559,2564.396,,
5560,858.0572,,
5561,2600.4436,,
5562,1799.9089,,
5563,5432.453,,
5564,2096.4517,,
5565,2249.0579,,
5566,3474.2725,,
5567,2876.0166,,
5568,1731.5231,,
5569,1429.5248,,
5570,2016.7787,,
5571,3357.6726,,
5572,-94.110916,,
5573,1847.3174,,
5574,3302.86,,
5575,637.9285,,
5576,3088.8103,,
5577,2567.8943,,
5578,493.73834,,
5579,1750.6652,,
5580,403.87543,,
5581,2499.5708,,
5582,1927.0594,,
5583,319.61783,,
5584,536.0861,,
5585,1280.3325,,
5586,3078.9304,,
5587,986.5598,,
5588,3738.2664,,
5589,2668.6807,,
5590,2875.6729,,
5591,3200.0813,,
5592,2123.109,,
5593,3100.6091,,
5594,3255.224,,
5595,5071.6567,,
5596,780.6548,,
5597,1733.6072,,
5598,2485.655,,
5599,776.28796,,
5600,378.54678,,
5601,2897.934,,
5602,1963.5818,,
5603,2930.9094,,
5604,2727.9565,,
5605,2299.2053,,
5606,2461.794,,
5607,2751.9998,,
5608,3490.6821,,
5609,7333.552,,
5610,4007.753,,
5611,3031.6382,,
5612,506.49908,,
5613,3372.5627,,
5614,3549.4204,,
5615,7712.485,,
5616,2271.573,,
5617,1532.2339,,
5618,1039.061,,
5619,2769.6125,,
5620,4675.2036,,
5621,1239.6136,,
5622,2457.3723,,
5623,2754.9448,,
5624,3664.6714,,
5625,3375.4448,,
5626,3443.4128,,
5627,4871.029,,
5628,1758.3286,,
5629,1183.6533,,
5630,2352.9343,,
5631,2650.8213,,
5632,2138.0276,,
5633,2901.431,,
5634,3093.99,,
5635,3788.1973,,
5636,1433.887,,
5637,2726.5781,,
5638,1796.3745,,
5639,1966.9019,,
5640,1307.0231,,
5641,703.81635,,
5642,2263.7922,,
5643,262.37402,,
5644,2957.3633,,
5645,716.36414,,
5646,2896.4177,,
5647,615.7522,,
5648,4940.561,,
5649,1427.2498,,
5650,292.8096,,
5651,3399.8916,,
5652,1775.9011,,
5653,1369.2317,,
5654,2699.634,,
5655,3960.2427,,
5656,7191.071,,
5657,5498.9697,,
5658,2498.9219,,
5659,4926.58,,
5660,1908.3531,,
5661,4654.61,,
5662,3662.3342,,
5663,1020.8183,,
5664,2566.2375,,
5665,1232.1886,,
5666,2387.1958,,
5667,1220.2786,,
5668,312.72522,,
5669,4930.549,,
5670,4838.537,,
5671,891.54364,,
5672,4819.3257,,
5673,1605.7554,,
5674,672.03033,,
5675,1100.1931,,
5676,2058.791,,
5677,2483.6448,,
5678,1730.0936,,
5679,5293.624,,
5680,1483.9788,,
